Country Name,Country Code,Year,GDP_per_capita,GINI_index,Health_spending_per_capita
Argentina,ARG,2002,2569.69963519124,53.8,222.64750671
Armenia,ARM,2002,742.651118319819,34.8,58.0
Austria,AUT,2002,26334.862215032,,2498.0
Belgium,BEL,2002,25006.191397109,,2084.7199707
Bulgaria,BGR,2002,2092.98288625558,,148.0
Belarus,BLR,2002,1479.38066337175,30.3,84.0
Bolivia,BOL,2002,888.221328974352,59.3,43.48994827
Brazil,BRA,2002,2855.94018885769,58.1,245.66194153
Canada,CAN,2002,24256.0192337185,33.6,2149.37939453
Switzerland,CHE,2002,42458.7384679187,31.7,4211.72949219
Colombia,COL,2002,2428.92969771584,56.0,131.76092529
Costa Rica,CRI,2002,4067.71851429092,51.8,276.23712158
Cyprus,CYP,2002,16093.2158203125,,890.0
Czechia,CZE,2002,8101.26018588111,26.6,497.74203491
Germany,DEU,2002,25486.5942008748,29.8,2567.50292969
Denmark,DNK,2002,33257.1622586509,,2896.0
Dominican Republic,DOM,2002,3065.60329524196,49.7,153.85899353
Ecuador,ECU,2002,2059.1585535974,,97.7811203
Spain,ESP,2002,17111.0685058941,,1174.5793457
Estonia,EST,2002,5343.18310760735,,250.48020935
Finland,FIN,2002,26989.389260959,,2059.0
France,FRA,2002,24144.5727019529,31.8,2449.75830078
United Kingdom,GBR,2002,30077.741432188,35.1,2306.12841797
Georgia,GEO,2002,853.526171868939,37.2,67.0
Greece,GRC,2002,13782.195640943,,1168.82409668
Honduras,HND,2002,1132.49965345317,55.7,69.90351105
Hungary,HUN,2002,6655.33300865319,,473.0
Indonesia,IDN,2002,881.002913569131,30.2,19.14863396
Ireland,IRL,2002,32705.4345565698,32.3,2200.35742188
Israel,ISR,2002,19034.3175740071,39.6,1362.0
Italy,ITA,2002,22463.5222129968,34.7,1763.0
Kazakhstan,KAZ,2002,1573.55219932325,34.8,58.0
Kyrgyz Republic,KGZ,2002,321.726775366804,30.3,15.0
Lithuania,LTU,2002,4148.13091485015,,254.0
Luxembourg,LUX,2002,53005.7339209179,31.0,3601.0
Latvia,LVA,2002,4003.60935783538,,237.0
Moldova,MDA,2002,570.799866188293,35.8,34.0
Netherlands,NLD,2002,29446.5330872868,,2545.0
Norway,NOR,2002,43170.557174499,,3890.0
Panama,PAN,2002,4090.58617397129,56.1,309.41253662
Peru,PER,2002,2007.37019626753,53.6,97.49507904
Poland,POL,2002,5223.45178967082,,316.0
Portugal,PRT,2002,12936.6928204482,,1139.0
Paraguay,PRY,2002,1367.76506935997,57.3,64.76425171
Romania,ROU,2002,2119.85509684554,,97.0
El Salvador,SLV,2002,2115.41187355626,51.9,166.12776184
Slovak Republic,SVK,2002,6554.62808369461,,254.0
Slovenia,SVN,2002,11639.1297780477,,945.0
Sweden,SWE,2002,29957.9387652616,26.2,2459.0
Thailand,THA,2002,2089.75183111554,41.9,69.73505402
Ukraine,UKR,2002,903.011901855469,29.0,53.0
Uruguay,URY,2002,4149.76140312687,45.5,432.80075073
United States,USA,2002,37997.7424300242,40.4,5304.52001953
Argentina,ARG,2003,3320.47775133903,51.0,260.9826355
Armenia,ARM,2003,882.030167695474,33.0,65.0
Austria,AUT,2003,32110.1159661425,29.5,3091.0
Belgium,BEL,2003,30655.2092679024,28.1,2814.88061523
Bulgaria,BGR,2003,2719.49436859287,,196.0
Belarus,BLR,2003,1819.52653114699,28.8,106.0
Bolivia,BOL,2003,893.013760211149,,46.37623215
Brazil,BRA,2003,3090.6070097455,57.6,250.3089447
Canada,CAN,2003,28301.8645937428,33.8,2552.26391602
Switzerland,CHE,2003,49335.7456291067,,5018.52734375
Colombia,COL,2003,2311.94218760291,53.6,129.33969116
Costa Rica,CRI,2003,4173.14856415514,49.3,287.37347412
Cyprus,CYP,2003,20252.24609375,,1145.0
Czechia,CZE,2003,9852.45677945801,,640.66040039
Germany,DEU,2003,30711.1022511331,29.8,3152.79418945
Denmark,DNK,2003,40519.0974905924,25.6,3607.0
Dominican Republic,DOM,2003,2383.26171780393,52.1,105.31115723
Ecuador,ECU,2003,2315.62215223014,53.5,132.74375916
Spain,ESP,2003,21522.0170990262,31.8,1640.91772461
Estonia,EST,2003,7205.40703313243,37.2,368.97955322
Finland,FIN,2003,32920.0857192568,27.7,2614.0
France,FRA,2003,29479.5222101175,31.4,3006.3059082
United Kingdom,GBR,2003,34442.6875402308,34.9,2784.53955078
Georgia,GEO,2003,1010.03151630868,36.7,82.0
Greece,GRC,2003,18020.612039764,32.8,1566.40979004
Honduras,HND,2003,1156.08162681357,58.1,78.74036407
Hungary,HUN,2003,8419.43087098103,,683.0
Indonesia,IDN,2003,1043.2105838671,29.3,25.73569489
Ireland,IRL,2003,41203.5295847568,32.9,2910.93212891
Israel,ISR,2003,19629.4145135202,40.7,1390.0
Italy,ITA,2003,27618.9417740066,34.9,2163.0
Kazakhstan,KAZ,2003,1958.02050246511,33.7,74.0
Kyrgyz Republic,KGZ,2003,380.505828812441,28.7,22.0
Lithuania,LTU,2003,5507.47434187652,,339.0
Luxembourg,LUX,2003,65689.3214536911,30.2,4607.0
Latvia,LVA,2003,4914.57992829302,,281.0
Moldova,MDA,2003,682.319095965299,34.9,38.0
Netherlands,NLD,2003,35896.7504630706,,3244.0
Norway,NOR,2003,50250.3298214345,27.6,4633.0
Panama,PAN,2003,4264.66428846636,55.7,304.23956299
Peru,PER,2003,2129.44114197634,53.1,97.19953156
Poland,POL,2003,5720.81366178104,,339.0
Portugal,PRT,2003,15797.7821340276,38.8,1443.0
Paraguay,PRY,2003,1443.99885236205,54.9,70.50261688
Romania,ROU,2003,2679.40626016154,,144.0
El Salvador,SLV,2003,2207.83089518069,50.4,170.78582764
Slovak Republic,SVK,2003,8675.39633696465,,344.0
Slovenia,SVN,2003,14711.674874253,,1203.0
Sweden,SWE,2003,37292.4214343004,25.3,3110.0
Thailand,THA,2003,2347.54001286066,,76.2408905
Ukraine,UKR,2003,1076.48156738281,28.7,69.0
Uruguay,URY,2003,3671.12329256883,45.0,380.19338989
United States,USA,2003,39490.3023903176,40.8,5708.55175781
Argentina,ARG,2004,4242.02099089422,48.5,310.21994019
Armenia,ARM,2004,1130.08791444158,37.5,71.0
Austria,AUT,2004,36614.2506533707,29.8,3595.0
Belgium,BEL,2004,35429.4077933344,30.5,3312.74121094
Bulgaria,BGR,2004,3389.68743360274,,233.0
Belarus,BLR,2004,2378.33700470129,26.5,137.0
Bolivia,BOL,2004,953.191893246277,55.0,46.29327393
Brazil,BRA,2004,3663.823188064,56.5,294.3838501
Canada,CAN,2004,32145.5412620217,33.8,2916.2512207
Switzerland,CHE,2004,54659.4571488233,31.6,5608.703125
Colombia,COL,2004,2818.57195413044,55.0,159.20832825
Costa Rica,CRI,2004,4431.0117207843,48.4,290.13354492
Cyprus,CYP,2004,23792.619140625,30.1,1287.0
Czechia,CZE,2004,11782.5546676117,27.5,746.32891846
Germany,DEU,2004,34566.7359143735,30.2,3459.82495117
Denmark,DNK,2004,46625.050098011,24.9,4195.0
Dominican Republic,DOM,2004,2451.69161616569,52.0,105.84014893
Ecuador,ECU,2004,2586.20914663347,53.9,150.58769226
Spain,ESP,2004,24925.0267844576,33.3,1924.27087402
Estonia,EST,2004,8916.0728274602,33.6,474.50796509
Finland,FIN,2004,37768.1334202029,27.9,3044.0
France,FRA,2004,33644.9282220364,30.6,3458.62744141
United Kingdom,GBR,2004,40366.8886650968,34.8,3366.34155273
Georgia,GEO,2004,1305.04748557208,36.2,107.0
Greece,GRC,2004,21449.2552764245,33.6,1782.69592285
Honduras,HND,2004,1215.13995412761,58.1,82.34390259
Hungary,HUN,2004,10301.7033946743,29.9,798.0
Indonesia,IDN,2004,1126.84004447173,30.4,26.21132469
Ireland,IRL,2004,47754.2023194244,33.6,3483.16064453
Israel,ISR,2004,20546.2291718399,41.5,1443.0
Italy,ITA,2004,31425.8208728669,34.3,2566.0
Kazakhstan,KAZ,2004,2722.47407755402,31.8,111.0
Kyrgyz Republic,KGZ,2004,433.233915720699,34.8,27.0
Lithuania,LTU,2004,6734.57487061946,37.0,367.0
Luxembourg,LUX,2004,76544.9170868473,30.2,5610.0
Latvia,LVA,2004,6109.73265186817,36.4,393.0
Moldova,MDA,2004,897.178494749468,35.0,65.0
Netherlands,NLD,2004,40611.3414353091,29.8,3689.0
Norway,NOR,2004,57768.6980958462,31.6,5097.0
Panama,PAN,2004,4644.56582353041,54.8,345.24090576
Peru,PER,2004,2397.25147277714,49.9,105.008255
Poland,POL,2004,6711.72715262967,38.0,392.0
Portugal,PRT,2004,18064.1580932987,38.9,1724.0
Paraguay,PRY,2004,1786.21533938543,52.3,87.64266968
Romania,ROU,2004,3494.99056448955,,191.0
El Salvador,SLV,2004,2285.68907438892,47.8,184.88005066
Slovak Republic,SVK,2004,10650.1290097126,27.1,512.0
Slovenia,SVN,2004,17103.8297783905,24.8,1369.0
Sweden,SWE,2004,42758.2015503417,26.1,3488.0
Thailand,THA,2004,2641.56268717857,42.5,83.09568024
Ukraine,UKR,2004,1401.01806640625,28.9,85.0
Uruguay,URY,2004,4168.66065438387,45.9,372.46127319
United States,USA,2004,41724.6411982614,40.3,6047.81835938
Argentina,ARG,2005,5067.65342293276,47.8,390.80447388
Armenia,ARM,2005,1557.48458908655,36.0,94.0
Austria,AUT,2005,38157.37022862,28.7,3710.0
Belgium,BEL,2005,36809.7013403619,29.3,3405.88500977
Bulgaria,BGR,2005,3899.82596332878,,268.0
Belarus,BLR,2005,3126.07176665248,27.6,191.0
Bolivia,BOL,2005,1020.12326200737,58.5,51.6701889
Brazil,BRA,2005,4827.78173052472,56.3,383.5508728
Canada,CAN,2005,36383.6600068095,33.6,3291.22070313
Switzerland,CHE,2005,56242.8933645639,,5673.93994141
Colombia,COL,2005,3456.06610874512,53.9,209.22647095
Costa Rica,CRI,2005,4703.00721784778,47.5,309.51428223
Cyprus,CYP,2005,24959.26171875,30.3,1366.0
Czechia,CZE,2005,13442.4916284309,26.9,852.65246582
Germany,DEU,2005,35084.4363546269,31.7,3558.21337891
Denmark,DNK,2005,48925.8076698784,25.2,4443.0
Dominican Republic,DOM,2005,3878.31206735244,50.0,169.96865845
Ecuador,ECU,2005,2909.02606014388,53.0,168.72697449
Spain,ESP,2005,26450.9530130382,32.4,2060.3215332
Estonia,EST,2005,10414.6381183565,33.4,549.63024902
Finland,FIN,2005,39049.8703780223,27.6,3237.0
France,FRA,2005,34696.3718316971,29.8,3575.02514648
United Kingdom,GBR,2005,42104.7884375024,35.5,3536.32299805
Georgia,GEO,2005,1642.78359414797,37.4,134.0
Greece,GRC,2005,22054.1315756886,34.6,1935.26757813
Honduras,HND,2005,1304.70039153826,59.5,96.74766541
Hungary,HUN,2005,11223.3993032598,34.7,895.0
Indonesia,IDN,2005,1238.21447629488,29.9,34.40548706
Ireland,IRL,2005,50933.0216095589,33.8,3938.19116211
Israel,ISR,2005,21226.7213913393,42.3,1512.0
Italy,ITA,2005,32171.793374715,33.8,2678.0
Kazakhstan,KAZ,2005,3577.35804001782,39.8,142.0
Kyrgyz Republic,KGZ,2005,476.548239793618,32.6,35.0
Lithuania,LTU,2005,7857.03148786492,35.3,439.0
Luxembourg,LUX,2005,80988.1376230858,30.8,5818.0
Latvia,LVA,2005,7283.78738127622,39.0,441.0
Moldova,MDA,2005,1034.39197746993,36.3,79.0
Netherlands,NLD,2005,42165.396168388,29.0,3823.0
Norway,NOR,2005,67047.1704558264,30.6,5585.0
Panama,PAN,2005,5017.7410922824,53.8,323.75082397
Peru,PER,2005,2706.66947297608,50.4,123.05088806
Poland,POL,2005,8043.92332253757,35.8,466.0
Portugal,PRT,2005,18780.12751241,38.5,1814.0
Paraguay,PRY,2005,1970.87169852378,51.4,94.68041992
Romania,ROU,2005,4618.00350802913,,255.0
El Salvador,SLV,2005,2447.39140845394,48.5,223.97184753
Slovak Republic,SVK,2005,11641.5410321763,29.3,601.0
Slovenia,SVN,2005,17969.7095907161,24.6,1449.0
Sweden,SWE,2005,43378.6152117149,26.8,3548.0
Thailand,THA,2005,2867.70383436062,,90.88136292
Ukraine,UKR,2005,1875.33508300781,29.0,116.0
Uruguay,URY,2005,5284.25677987129,44.7,441.00134277
United States,USA,2005,44123.3996470026,41.0,6404.18603516
Argentina,ARG,2006,5869.38028970204,46.4,453.63934326
Armenia,ARM,2006,2041.65267068997,29.7,123.0
Austria,AUT,2006,40382.2078298575,29.6,3883.0
Belgium,BEL,2006,38705.1067959147,28.1,3545.92822266
Bulgaria,BGR,2006,4523.1465578805,35.7,294.0
Belarus,BLR,2006,3848.22350300163,28.3,216.0
Bolivia,BOL,2006,1202.71150446327,56.7,55.93380737
Brazil,BRA,2006,5934.1447107274,55.6,483.91915894
Canada,CAN,2006,40504.0370977806,34.1,3788.68603516
Switzerland,CHE,2006,59011.0324592016,33.9,5671.98144531
Colombia,COL,2006,3789.85361217027,,239.64555359
Costa Rica,CRI,2006,5256.59640859159,49.3,359.79248047
Cyprus,CYP,2006,26729.28125,31.1,1474.0
Czechia,CZE,2006,15259.0788162004,26.7,942.11804199
Germany,DEU,2006,36980.3349948954,31.0,3698.04370117
Denmark,DNK,2006,52119.1787984282,25.9,4779.0
Dominican Republic,DOM,2006,4055.14270347371,52.0,162.94297791
Ecuador,ECU,2006,3243.67010359339,52.2,190.63995361
Spain,ESP,2006,28421.686527407,33.5,2242.15869141
Estonia,EST,2006,12641.4800976473,33.7,627.18377686
Finland,FIN,2006,41214.0187765069,28.0,3415.0
France,FRA,2006,36431.5658906555,29.7,3811.55175781
United Kingdom,GBR,2006,44512.4590296865,35.9,3857.4855957
Georgia,GEO,2006,1996.02013272284,36.9,154.0
Greece,GRC,2006,24416.0232970275,35.1,2052.87548828
Honduras,HND,2006,1425.84780051892,57.5,110.83789063
Hungary,HUN,2006,11489.5608654088,28.3,893.0
Indonesia,IDN,2006,1558.31562847164,31.5,44.80917358
Ireland,IRL,2006,54329.1618599624,32.7,4147.13232422
Israel,ISR,2006,22502.0722209991,41.6,1558.0
Italy,ITA,2006,33684.7200358552,33.7,2833.0
Kazakhstan,KAZ,2006,5030.13494711519,30.2,174.0
Kyrgyz Republic,KGZ,2006,543.113512472219,37.4,45.0
Lithuania,LTU,2006,9210.10118229413,34.4,536.0
Luxembourg,LUX,2006,90788.8004876145,30.9,6071.0
Latvia,LVA,2006,9211.7374468148,35.6,552.0
Moldova,MDA,2006,1183.02481442894,35.4,100.0
Netherlands,NLD,2006,45123.5432406426,30.0,4080.0
Norway,NOR,2006,74434.4996835671,26.4,5893.0
Panama,PAN,2006,5528.76705469354,54.6,371.33950806
Peru,PER,2006,3129.55996496982,50.3,135.87088013
Poland,POL,2006,9068.85528307627,34.7,524.0
Portugal,PRT,2006,19839.4540499032,38.1,1858.0
Paraguay,PRY,2006,2439.43124694576,53.0,121.79750824
Romania,ROU,2006,5757.53127301178,39.6,291.0
El Salvador,SLV,2006,2665.61807194853,45.7,230.50076294
Slovak Republic,SVK,2006,13167.8954730379,25.8,729.0
Slovenia,SVN,2006,19563.005059144,24.4,1542.0
Sweden,SWE,2006,46531.6001120572,26.4,3765.0
Thailand,THA,2006,3331.32043511773,41.8,103.64756012
Ukraine,UKR,2006,2366.494140625,29.8,148.0
Uruguay,URY,2006,6001.33294783172,45.9,495.71600342
United States,USA,2006,46301.9876485519,41.4,6779.22753906
Argentina,ARG,2007,7185.25155147027,46.3,569.28839111
Armenia,ARM,2007,2962.70234594569,31.2,168.0
Austria,AUT,2007,46622.9622913635,30.6,4479.0
Belgium,BEL,2007,44319.165448813,29.2,4064.87646484
Bulgaria,BGR,2007,5888.77685220636,36.1,361.0
Belarus,BLR,2007,4735.48107556066,29.6,271.0
Bolivia,BOL,2007,1354.54905949929,54.5,63.45651245
Brazil,BRA,2007,7409.69130727951,54.9,600.63568115
Canada,CAN,2007,44660.0838892281,33.8,4221.92871094
Switzerland,CHE,2007,64989.1553256031,34.3,6154.703125
Colombia,COL,2007,4769.926147194,,309.1078186
Costa Rica,CRI,2007,6137.71199925542,49.3,423.63812256
Cyprus,CYP,2007,31244.87890625,31.1,1694.0
Czechia,CZE,2007,18452.6532812196,26.0,1110.17663574
Germany,DEU,2007,42350.9217211489,31.2,4182.91601563
Denmark,DNK,2007,58631.6566433635,26.2,5468.0
Dominican Republic,DOM,2007,4649.64558875814,48.9,191.22145081
Ecuador,ECU,2007,3478.92488770671,53.4,194.37643433
Spain,ESP,2007,32652.015594702,34.1,2606.27783203
Estonia,EST,2007,16745.4308011148,31.2,866.49945068
Finland,FIN,2007,48473.0240091455,28.3,3919.0
France,FRA,2007,41486.1907828787,32.4,4312.31054688
United Kingdom,GBR,2007,50397.6854954706,34.4,4367.53564453
Georgia,GEO,2007,2635.36650276116,38.1,199.0
Greece,GRC,2007,28440.7625328955,34.0,2426.75952148
Honduras,HND,2007,1577.73789197407,55.8,126.1158905
Hungary,HUN,2007,13940.9092761999,27.9,1003.0
Indonesia,IDN,2007,1823.21976255073,33.2,56.52228165
Ireland,IRL,2007,61396.417461176,31.9,4858.64501953
Israel,ISR,2007,25635.926838502,41.1,1773.0
Italy,ITA,2007,38031.9709472716,32.9,3093.0
Kazakhstan,KAZ,2007,6449.43931096532,30.1,177.0
Kyrgyz Republic,KGZ,2007,721.771646044636,33.9,50.0
Lithuania,LTU,2007,12295.1212779366,34.8,704.0
Luxembourg,LUX,2007,107475.320297978,31.1,6671.0
Latvia,LVA,2007,13370.9789452508,37.5,775.0
Moldova,MDA,2007,1531.21618590748,34.4,135.0
Netherlands,NLD,2007,52100.7996285947,29.6,4696.0
Norway,NOR,2007,85502.2677087731,27.1,6896.0
Panama,PAN,2007,6317.81730274124,52.7,472.89538574
Peru,PER,2007,3581.0893081917,50.0,158.16543579
Poland,POL,2007,11272.5293683383,34.0,661.0
Portugal,PRT,2007,22811.0564844365,36.8,2113.0
Paraguay,PRY,2007,3211.93621659546,53.0,160.36560059
Romania,ROU,2007,8360.33775916596,37.5,415.0
El Salvador,SLV,2007,2830.65693770733,45.2,238.63465881
Slovak Republic,SVK,2007,16110.4817265237,24.7,1029.0
Slovenia,SVN,2007,23725.1596001515,24.4,1796.0
Sweden,SWE,2007,53568.5645523213,27.1,4310.0
Thailand,THA,2007,3918.52817434581,39.8,125.62582397
Ukraine,UKR,2007,3160.32763671875,27.0,186.0
Uruguay,URY,2007,7222.05403645877,46.4,572.52435303
United States,USA,2007,48050.227412195,40.8,7132.44677734
Argentina,ARG,2008,8944.1102657357,45.0,742.90466309
Armenia,ARM,2008,3777.66859313767,29.2,260.0
Austria,AUT,2008,51581.3982361071,30.4,5058.0
Belgium,BEL,2008,48303.397956286,28.4,4653.50585938
Bulgaria,BGR,2008,7271.30338858025,33.6,456.0
Belarus,BLR,2008,6376.17569162063,27.8,340.0
Bolivia,BOL,2008,1692.67248455876,50.8,77.74305725
Brazil,BRA,2008,8908.33176567294,54.0,705.13397217
Canada,CAN,2008,46710.2526864484,33.9,4491.22900391
Switzerland,CHE,2008,74175.1927898555,33.8,7120.65283203
Colombia,COL,2008,5541.83629665898,55.3,378.67913818
Costa Rica,CRI,2008,6937.24261596055,48.6,510.99154663
Cyprus,CYP,2008,35397.296875,31.7,2155.0
Czechia,CZE,2008,22774.7045076205,26.3,1449.33679199
Germany,DEU,2008,46386.3295924799,30.8,4669.76025391
Denmark,DNK,2008,64616.6657583663,25.2,6138.0
Dominican Republic,DOM,2008,5026.84091100115,48.1,230.50578308
Ecuador,ECU,2008,4194.75750661981,49.8,232.87501526
Spain,ESP,2008,35603.248328071,34.2,2995.18603516
Estonia,EST,2008,18205.9064113446,31.9,1082.15478516
Finland,FIN,2008,53769.4726240385,27.8,4486.0
France,FRA,2008,45464.8181385158,33.0,4807.37451172
United Kingdom,GBR,2008,47396.1202078484,35.4,4297.47509766
Georgia,GEO,2008,3324.7537205015,38.5,286.0
Greece,GRC,2008,31695.8331092209,33.6,2840.50854492
Honduras,HND,2008,1732.49062702803,55.5,147.41615295
Hungary,HUN,2008,15772.3300839383,27.5,1117.0
Indonesia,IDN,2008,2124.55483920617,32.6,59.79582214
Ireland,IRL,2008,61353.1065629523,30.9,5638.77929688
Israel,ISR,2008,30176.2865128483,41.6,2129.0
Italy,ITA,2008,41095.4063415012,33.8,3504.0
Kazakhstan,KAZ,2008,8123.54705891736,28.5,251.0
Kyrgyz Republic,KGZ,2008,966.388569370494,31.5,63.0
Lithuania,LTU,2008,14955.5345462921,35.7,937.0
Luxembourg,LUX,2008,120422.137934157,32.6,7579.0
Latvia,LVA,2008,15677.6080864506,37.2,914.0
Moldova,MDA,2008,2110.55305353857,34.7,186.0
Netherlands,NLD,2008,58246.7026905874,29.3,5382.0
Norway,NOR,2008,97503.5407803783,27.0,7768.0
Panama,PAN,2008,7347.59050324397,52.7,507.56384277
Peru,PER,2008,4197.58444634142,47.5,190.84877014
Poland,POL,2008,14048.5604672654,33.5,893.0
Portugal,PRT,2008,24949.0413566739,36.6,2392.0
Paraguay,PRY,2008,4384.9546943793,50.7,219.66795349
Romania,ROU,2008,10435.1561230787,36.4,521.0
El Salvador,SLV,2008,2983.24829577976,46.9,251.8334198
Slovak Republic,SVK,2008,18744.3192278346,26.0,1252.0
Slovenia,SVN,2008,27461.9764165315,23.7,2179.0
Sweden,SWE,2008,55817.4392710726,28.1,4628.0
Thailand,THA,2008,4309.13509292986,40.3,149.71322632
Ukraine,UKR,2008,4017.806640625,26.6,216.0
Uruguay,URY,2008,9423.96562595893,45.1,803.44226074
United States,USA,2008,48570.0594269601,40.8,7347.45458984
Argentina,ARG,2009,8150.23527028221,43.8,781.77801514
Armenia,ARM,2009,2820.5926553347,28.0,246.0
Austria,AUT,2009,47857.4446635266,31.5,4929.0
Belgium,BEL,2009,44923.3400135081,28.6,4638.43896484
Bulgaria,BGR,2009,6988.27316296465,33.8,459.0
Belarus,BLR,2009,5352.48809190697,27.7,281.0
Bolivia,BOL,2009,1731.18172112209,49.2,89.26693726
Brazil,BRA,2009,8678.65922498836,53.7,719.42651367
Canada,CAN,2009,40874.8831932903,34.0,4368.85693359
Switzerland,CHE,2009,71568.3123885672,32.9,7297.37988281
Colombia,COL,2009,5250.97292433518,54.3,383.54962158
Costa Rica,CRI,2009,6832.69829924138,50.6,529.60870361
Cyprus,CYP,2009,32236.44921875,32.1,2105.0
Czechia,CZE,2009,19817.4215836554,26.2,1442.24279785
Germany,DEU,2009,42487.2137101496,30.5,4674.91943359
Denmark,DNK,2009,58412.7472358513,26.7,6222.0
Dominican Republic,DOM,2009,4977.79884445929,48.9,238.2713623
Ecuador,ECU,2009,4053.36331139298,48.5,245.95539856
Spain,ESP,2009,32279.8208476151,34.9,2937.71826172
Estonia,EST,2009,14712.4494217916,31.4,1006.50708008
Finland,FIN,2009,47478.3495310999,27.5,4350.0
France,FRA,2009,41728.0884164132,32.7,4737.578125
United Kingdom,GBR,2009,38744.131693043,35.1,3914.19580078
Georgia,GEO,2009,2822.68939668797,38.2,275.0
Greece,GRC,2009,29425.4573200263,33.6,2809.05957031
Honduras,HND,2009,1781.15703614674,51.3,158.53948975
Hungary,HUN,2009,13077.305465178,27.0,944.0
Indonesia,IDN,2009,2218.48541852977,33.4,62.98189545
Ireland,IRL,2009,52133.0909237885,32.7,5502.88769531
Israel,ISR,2009,28381.6449423376,42.6,2036.0
Italy,ITA,2009,37388.4537139699,33.8,3338.0
Kazakhstan,KAZ,2009,6938.01175663001,28.2,246.0
Kyrgyz Republic,KGZ,2009,870.198894546917,29.9,60.0
Lithuania,LTU,2009,11854.3711053096,37.2,865.0
Luxembourg,LUX,2009,109419.746953106,31.2,7671.0
Latvia,LVA,2009,11996.0322729773,35.9,745.0
Moldova,MDA,2009,1898.43975710988,32.9,209.0
Netherlands,NLD,2009,53172.0261581418,27.9,5283.0
Norway,NOR,2009,80347.5700665184,26.2,7302.0
Panama,PAN,2009,7796.92617035048,51.8,551.58728027
Peru,PER,2009,4181.18755462253,47.0,208.39193726
Poland,POL,2009,11556.3026866026,33.4,760.0
Portugal,PRT,2009,23151.2154130712,34.9,2347.0
Paraguay,PRY,2009,3941.84815479271,49.1,216.58901978
Romania,ROU,2009,8548.4543409242,35.6,449.0
El Salvador,SLV,2009,2910.18651752011,45.8,255.38142395
Slovak Republic,SVK,2009,16586.7527805228,27.2,1320.0
Slovenia,SVN,2009,24501.7897290425,24.8,2125.0
Sweden,SWE,2009,46707.8673215418,27.3,4136.0
Thailand,THA,2009,4135.43986952819,39.6,150.35655212
Ukraine,UKR,2009,2607.08764648438,25.3,169.0
Uruguay,URY,2009,9881.39573127081,45.5,817.64227295
United States,USA,2009,47194.9500893872,40.6,7602.74560547
Argentina,ARG,2010,10260.1313108254,43.7,980.1362915
Armenia,ARM,2010,3041.34450723339,30.0,290.0
Austria,AUT,2010,46611.1393420232,30.3,4801.0
Belgium,BEL,2010,44197.393671162,28.4,4531.03369141
Bulgaria,BGR,2010,6863.66706774052,35.7,485.0
Belarus,BLR,2010,6034.67885177216,28.6,333.0
Bolivia,BOL,2010,1929.78373077158,,99.99167633
Brazil,BRA,2010,11403.2821284616,,893.77508545
Canada,CAN,2010,47560.6666009406,33.6,5083.98193359
Switzerland,CHE,2010,76531.3729407691,32.6,7640.44921875
Colombia,COL,2010,6398.2958447102,54.6,452.0512085
Costa Rica,CRI,2010,8265.78820275582,48.0,654.17340088
Cyprus,CYP,2010,31105.02734375,31.5,2045.0
Czechia,CZE,2010,20160.4355077059,26.6,1516.04858398
Germany,DEU,2010,42409.9356994694,30.2,4611.421875
Denmark,DNK,2010,58104.5445594981,27.2,6171.0
Dominican Republic,DOM,2010,5484.64637931191,47.3,271.26663208
Ecuador,ECU,2010,4520.30959039763,48.8,288.67254639
Spain,ESP,2010,30658.7422282912,35.2,2789.63720703
Estonia,EST,2010,14663.7041018705,32.0,966.19024658
Finland,FIN,2010,46506.2919016566,27.7,4252.0
France,FRA,2010,40694.8211697025,33.7,4592.38330078
United Kingdom,GBR,2010,39598.957119545,33.7,3956.38891602
Georgia,GEO,2010,3281.72930937343,39.5,290.0
Greece,GRC,2010,26653.0488008626,34.1,2564.36938477
Honduras,HND,2010,1893.32722662035,53.1,163.53704834
Hungary,HUN,2010,13217.5045951108,29.4,983.0
Indonesia,IDN,2010,3065.68348366636,34.6,86.36213684
Ireland,IRL,2010,48679.4026820361,32.3,5133.45507813
Israel,ISR,2010,31338.5568903917,42.6,2240.0
Italy,ITA,2010,36184.7118698678,34.7,3218.0
Kazakhstan,KAZ,2010,8793.07589980782,28.0,244.0
Kyrgyz Republic,KGZ,2010,876.954476440354,30.1,61.0
Lithuania,LTU,2010,11829.122609457,33.6,805.0
Luxembourg,LUX,2010,110885.991378721,30.5,7460.0
Latvia,LVA,2010,11188.4191700977,35.0,689.0
Moldova,MDA,2010,2436.79935102421,32.1,198.0
Netherlands,NLD,2010,51305.7338533973,27.8,5192.0
Norway,NOR,2010,88163.2085931423,25.7,7860.0
Panama,PAN,2010,8331.46421351868,51.6,608.2467041
Peru,PER,2010,5072.11494019615,45.5,240.25761414
Poland,POL,2010,12567.7317676382,33.2,809.0
Portugal,PRT,2010,22551.935098809,35.8,2259.0
Paraguay,PRY,2010,4750.96273669322,51.0,257.05856323
Romania,ROU,2010,8399.5374234284,35.5,472.0
El Salvador,SLV,2010,3040.07300952878,43.5,268.66708374
Slovak Republic,SVK,2010,16899.448680529,27.3,1297.0
Slovenia,SVN,2010,23329.8417691156,24.9,2017.0
Sweden,SWE,2010,52542.8274141037,27.7,4416.0
Thailand,THA,2010,4973.86288823778,39.4,169.38200378
Ukraine,UKR,2010,3039.63232421875,24.8,203.0
Uruguay,URY,2010,12641.0576849008,44.5,1032.65795898
United States,USA,2010,48650.6643227232,40.0,7833.04492188
Argentina,ARG,2011,12704.2831819684,42.7,1202.56396484
Armenia,ARM,2011,3349.55309771906,29.4,325.0
Austria,AUT,2011,51116.8953522042,30.8,5168.0
Belgium,BEL,2011,47760.8298776546,28.1,4930.14111328
Bulgaria,BGR,2011,7857.16706984441,34.3,556.0
Belarus,BLR,2011,6527.6593428786,27.2,310.0
Bolivia,BOL,2011,2315.52121930607,46.1,119.23861694
Brazil,BRA,2011,13396.6243566047,52.9,1028.0847168
Canada,CAN,2011,52223.8588398531,32.7,5423.05908203
Switzerland,CHE,2011,90476.7589651577,31.7,9138.3671875
Colombia,COL,2011,7400.9940695669,53.5,501.29830933
Costa Rica,CRI,2011,9276.39107511347,48.8,742.14190674
Cyprus,CYP,2011,32485.796875,32.6,2115.0
Czechia,CZE,2011,22049.1080788682,26.4,1654.51013184
Germany,DEU,2011,47646.582043143,30.6,5037.49169922
Denmark,DNK,2011,61809.737898222,27.3,6438.0
Dominican Republic,DOM,2011,5834.70590719826,47.7,295.19439697
Ecuador,ECU,2011,5153.6916424375,45.9,342.3848877
Spain,ESP,2011,31824.6219134777,35.7,2908.91967773
Estonia,EST,2011,17555.5455239426,32.5,1061.1628418
Finland,FIN,2011,51060.3242589767,27.6,4718.0
France,FRA,2011,43929.7840873812,33.3,4931.87792969
United Kingdom,GBR,2011,42109.6418795749,33.2,4199.08398438
Georgia,GEO,2011,4119.66818307193,39.6,317.0
Greece,GRC,2011,25504.7866510124,34.8,2338.91503906
Honduras,HND,2011,2073.66121088074,52.6,180.58157349
Hungary,HUN,2011,14234.471576937,29.2,1063.0
Indonesia,IDN,2011,3579.46442452684,37.9,108.03186035
Ireland,IRL,2011,52692.7813135606,32.9,5545.76416016
Israel,ISR,2011,34433.822610733,41.4,2446.0
Italy,ITA,2011,38851.3881339353,35.1,3392.0
Kazakhstan,KAZ,2011,11287.1464926039,28.0,297.0
Kyrgyz Republic,KGZ,2011,1117.40184423062,27.8,79.0
Lithuania,LTU,2011,14261.8433787325,32.5,925.0
Luxembourg,LUX,2011,119025.057203467,32.1,7175.0
Latvia,LVA,2011,12902.574053337,35.8,765.0
Moldova,MDA,2011,2941.36224066021,30.6,215.0
Netherlands,NLD,2011,54701.7728030611,27.8,5562.0
Norway,NOR,2011,101221.813476644,25.3,8900.0
Panama,PAN,2011,9662.29592216607,51.3,665.84649658
Peru,PER,2011,5861.35793645245,44.7,262.96740723
Poland,POL,2011,13867.6669408192,33.2,866.0
Portugal,PRT,2011,23246.5425416481,36.3,2256.0
Paraguay,PRY,2011,5805.40154543044,52.3,336.1187439
Romania,ROU,2011,9560.6755277458,35.9,427.0
El Salvador,SLV,2011,3330.60049486653,42.3,293.3677063
Slovak Republic,SVK,2011,18469.4354316836,26.5,1352.0
Slovenia,SVN,2011,24940.6284841605,24.9,2148.0
Sweden,SWE,2011,60379.7748160321,27.6,6351.0
Thailand,THA,2011,5373.6232832898,37.5,192.56607056
Ukraine,UKR,2011,3656.69799804688,24.6,244.0
Uruguay,URY,2011,15132.2675725587,42.2,1232.04626465
United States,USA,2011,50065.9789470675,40.9,8021.59326172
Argentina,ARG,2012,12949.717486654,41.4,1361.99157715
Armenia,ARM,2012,3511.56399687426,29.6,333.0
Austria,AUT,2012,48250.4059142637,30.5,4966.0
Belgium,BEL,2012,44874.1709182123,27.5,4704.47265625
Bulgaria,BGR,2012,7430.7373804242,36.0,559.0
Belarus,BLR,2012,6953.21591683101,26.5,355.0
Bolivia,BOL,2012,2575.59857098084,46.6,134.63066101
Brazil,BRA,2012,12521.7213530369,53.4,953.703125
Canada,CAN,2012,52670.3447335415,33.5,5538.93554688
Switzerland,CHE,2012,85836.2076767359,31.6,8753.8203125
Colombia,COL,2012,8108.59838244229,52.6,546.21148682
Costa Rica,CRI,2012,10126.9991024177,48.4,776.43487549
Cyprus,CYP,2012,28991.935546875,34.3,1899.0
Czechia,CZE,2012,20014.0354015165,26.1,1515.81604004
Germany,DEU,2012,44735.5882319701,31.1,4765.67871094
Denmark,DNK,2012,58443.7747103968,27.8,6168.0
Dominican Republic,DOM,2012,6025.72582713231,46.1,305.4364624
Ecuador,ECU,2012,5634.08393191094,46.1,389.75610352
Spain,ESP,2012,28456.4438151477,35.4,2590.2253418
Estonia,EST,2012,17568.2137969714,32.9,1058.71960449
Finland,FIN,2012,47551.6740841369,27.1,4573.0
France,FRA,2012,40863.5814412333,33.1,4644.59570313
United Kingdom,GBR,2012,42497.3404974322,33.1,4242.23486328
Georgia,GEO,2012,4530.69533409431,39.0,349.0
Greece,GRC,2012,21624.346052551,36.3,1948.24853516
Honduras,HND,2012,2126.03474686503,53.4,182.42372131
Hungary,HUN,2012,12984.8365730133,30.8,961.0
Indonesia,IDN,2012,3632.272540431,37.1,106.90163422
Ireland,IRL,2012,49411.7387476787,33.2,5210.36376953
Israel,ISR,2012,33236.5731239421,41.3,2410.0
Italy,ITA,2012,35235.7989058242,35.2,3086.0
Kazakhstan,KAZ,2012,12018.7966527993,28.2,369.0
Kyrgyz Republic,KGZ,2012,1168.62244675446,27.4,100.0
Lithuania,LTU,2012,14294.7178607152,35.1,897.0
Luxembourg,LUX,2012,112584.676270958,34.3,6029.0
Latvia,LVA,2012,13329.3499931271,35.2,746.0
Moldova,MDA,2012,3044.8084324815,29.2,224.0
Netherlands,NLD,2012,50473.9442002689,27.6,5285.0
Norway,NOR,2012,102175.919298374,25.7,8970.0
Panama,PAN,2012,11064.8063606203,51.7,725.86376953
Peru,PER,2012,6519.37852981527,44.4,307.31854248
Poland,POL,2012,13087.420943321,33.0,815.0
Portugal,PRT,2012,20593.4274224109,36.0,1980.0
Paraguay,PRY,2012,5642.1699167298,47.6,367.14849854
Romania,ROU,2012,8929.95366231474,36.5,402.0
El Salvador,SLV,2012,3497.91256915509,41.8,298.72540283
Slovak Republic,SVK,2012,17516.9691054078,26.1,1319.0
Slovenia,SVN,2012,22442.1417859955,25.6,1975.0
Sweden,SWE,2012,57749.8251328664,27.6,6254.0
Thailand,THA,2012,5725.52802835463,39.3,202.52087402
Ukraine,UKR,2012,3951.34228515625,24.7,276.0
Uruguay,URY,2012,16259.5940814256,39.9,1332.7512207
United States,USA,2012,51784.4114692048,40.9,8274.37207031
Argentina,ARG,2013,12963.675773326,41.1,1415.21008301
Armenia,ARM,2013,3680.16692158886,30.6,396.0
Austria,AUT,2013,50305.3545774973,30.8,5235.0
Belgium,BEL,2013,46964.5946777056,27.7,4954.92431641
Bulgaria,BGR,2013,7687.71368243317,36.6,547.0
Belarus,BLR,2013,7998.0802045456,26.6,444.0
Bolivia,BOL,2013,2870.02377000756,47.6,159.08921814
Brazil,BRA,2013,12458.891214816,52.7,977.81689453
Canada,CAN,2013,52638.1187235237,33.8,5483.25585938
Switzerland,CHE,2013,87304.3305813557,32.5,9118.18945313
Colombia,COL,2013,8279.10255642981,52.6,579.87963867
Costa Rica,CRI,2013,10803.2401962173,49.2,816.87872314
Cyprus,CYP,2013,27797.45703125,37.0,1916.0
Czechia,CZE,2013,20260.4954999375,26.5,1514.01403809
Germany,DEU,2013,47220.0102098851,31.5,5100.15234375
Denmark,DNK,2013,61377.5940590412,28.5,6334.0
Dominican Republic,DOM,2013,6149.02748927076,47.7,303.37979126
Ecuador,ECU,2013,6109.29031510341,46.9,416.34295654
Spain,ESP,2013,29218.9105170888,36.2,2629.46679688
Estonia,EST,2013,19310.3874900757,35.1,1194.86206055
Finland,FIN,2013,49691.0145200739,27.2,4892.0
France,FRA,2013,42669.1795111893,32.5,4884.76660156
United Kingdom,GBR,2013,43426.2981405143,32.7,4304.47802734
Georgia,GEO,2013,4712.00229382665,38.6,358.0
Greece,GRC,2013,21573.3449762805,36.1,1832.02966309
Honduras,HND,2013,2081.12843527945,50.0,175.01651001
Hungary,HUN,2013,13715.0703590361,31.5,991.0
Indonesia,IDN,2013,3566.60284506078,38.9,103.37931824
Ireland,IRL,2013,52619.2123745817,33.5,5313.70947266
Israel,ISR,2013,36929.6042163752,39.9,2681.0
Italy,ITA,2013,35747.707952689,34.9,3149.0
Kazakhstan,KAZ,2013,13478.459627612,27.1,363.0
Kyrgyz Republic,KGZ,2013,1269.66303464348,28.8,105.0
Lithuania,LTU,2013,15655.3513307327,35.3,959.0
Luxembourg,LUX,2013,120000.140729859,32.0,6357.0
Latvia,LVA,2013,14484.4715282132,35.5,807.0
Moldova,MDA,2013,3321.04397795719,28.5,232.0
Netherlands,NLD,2013,52602.2860520766,28.1,5533.0
Norway,NOR,2013,103553.840134417,26.4,9241.0
Panama,PAN,2013,12273.3225037637,51.5,806.58551025
Peru,PER,2013,6746.80025696601,43.9,320.3164978
Poland,POL,2013,13621.9023794031,33.1,878.0
Portugal,PRT,2013,21676.4859642714,36.2,2031.0
Paraguay,PRY,2013,6435.68342733182,47.9,390.28686523
Romania,ROU,2013,9497.67411615237,36.9,495.0
El Salvador,SLV,2013,3582.26694005169,43.4,321.82662964
Slovak Republic,SVK,2013,18312.7805149823,28.1,1370.0
Slovenia,SVN,2013,23236.9655321695,26.2,2055.0
Sweden,SWE,2013,60844.2767113975,28.8,6697.0
Thailand,THA,2013,6018.08244729255,37.8,208.60844421
Ukraine,UKR,2013,4129.89697265625,24.6,281.0
Uruguay,URY,2013,18335.2594772322,40.5,1500.72717285
United States,USA,2013,53409.7507774372,40.6,8433.69824219
Argentina,ARG,2014,12233.1444119186,41.8,1280.61486816
Armenia,ARM,2014,3852.11800610384,31.5,409.0
Austria,AUT,2014,51314.9722616322,30.5,5394.0
Belgium,BEL,2014,47995.7786961339,28.1,5080.125
Bulgaria,BGR,2014,7912.27484371138,37.4,605.0
Belarus,BLR,2014,8341.29014337961,27.2,438.0
Bolivia,BOL,2014,3041.43503118107,47.8,178.20880127
Brazil,BRA,2014,12274.9939689363,52.0,1013.56842041
Canada,CAN,2014,50960.8431174661,33.2,5231.73632813
Switzerland,CHE,2014,88724.9909402638,32.5,9307.96875
Colombia,COL,2014,8187.20824890084,52.5,586.87640381
Costa Rica,CRI,2014,10911.497878334,48.6,822.91003418
Cyprus,CYP,2014,27244.3515625,35.6,1874.0
Czechia,CZE,2014,20038.4163180257,25.9,1516.05627441
Germany,DEU,2014,48971.0824722599,30.8,5309.15478516
Denmark,DNK,2014,62520.4509747011,28.4,6467.0
Dominican Republic,DOM,2014,6512.50771431953,44.3,313.45751953
Ecuador,ECU,2014,6405.79979300441,45.0,435.51330566
Spain,ESP,2014,29694.8874886229,36.1,2679.4765625
Estonia,EST,2014,20581.7898991695,34.6,1287.76123047
Finland,FIN,2014,50073.7760815871,26.8,4923.0
France,FRA,2014,43148.0459288416,32.3,4980.81494141
United Kingdom,GBR,2014,47439.6165895125,33.1,4697.76025391
Georgia,GEO,2014,4830.33486170249,37.6,369.0
Greece,GRC,2014,21474.7257123892,35.8,1700.49438477
Honduras,HND,2014,2179.88171977271,49.9,171.30480957
Hungary,HUN,2014,14294.2584180751,30.9,1006.0
Indonesia,IDN,2014,3441.06808455308,38.8,103.05883789
Ireland,IRL,2014,57278.2590911107,31.9,5316.26953125
Israel,ISR,2014,38230.4954049785,39.8,2816.0
Italy,ITA,2014,35750.7197500382,34.7,3154.0
Kazakhstan,KAZ,2014,12427.7094576939,27.0,374.0
Kyrgyz Republic,KGZ,2014,1264.52679529608,26.8,95.0
Lithuania,LTU,2014,16473.5678231709,37.7,1021.0
Luxembourg,LUX,2014,123678.702143275,31.2,6547.0
Latvia,LVA,2014,15185.814581236,35.1,857.0
Moldova,MDA,2014,3289.95758568777,26.8,231.0
Netherlands,NLD,2014,53457.2234864322,28.6,5602.0
Norway,NOR,2014,97666.6951838749,26.8,9118.0
Panama,PAN,2014,13213.1989637473,50.5,920.07659912
Peru,PER,2014,6667.13410360861,43.1,331.78091431
Poland,POL,2014,14262.2841914116,32.8,911.0
Portugal,PRT,2014,22120.6850127107,35.6,2060.0
Paraguay,PRY,2014,6652.25478942291,50.7,439.34469604
Romania,ROU,2014,10031.7710755404,36.0,503.0
El Salvador,SLV,2014,3666.01248913873,41.6,312.86746216
Slovak Republic,SVK,2014,18770.9289896545,26.1,1289.0
Slovenia,SVN,2014,24013.0682060959,25.7,2062.0
Sweden,SWE,2014,59583.7140001673,28.4,6606.0
Thailand,THA,2014,5801.1978916205,37.0,214.52433777
Ukraine,UKR,2014,3054.908203125,24.0,213.0
Uruguay,URY,2014,18322.4276767157,40.1,1480.01989746
United States,USA,2014,55304.3155317137,41.5,8828.4765625
Argentina,ARG,2015,13679.6264980954,,1525.05310059
Armenia,ARM,2015,3512.39350276709,32.4,371.0
Austria,AUT,2015,43915.228020857,30.5,4613.0
Belgium,BEL,2015,40893.804537772,27.7,4442.40136719
Bulgaria,BGR,2015,7078.86032298969,38.6,521.0
Belarus,BLR,2015,5967.06856034227,25.6,353.0
Bolivia,BOL,2015,2996.01289804214,46.7,194.92401123
Brazil,BRA,2015,8936.19661756825,51.9,782.52294922
Canada,CAN,2015,43594.1941045394,33.7,4677.83007813
Switzerland,CHE,2015,83806.4476003837,32.3,9082.45019531
Colombia,COL,2015,6248.51490534512,51.0,468.60543823
Costa Rica,CRI,2015,11714.7105980732,48.4,875.34973145
Cyprus,CYP,2015,23487.228515625,34.0,1596.0
Czechia,CZE,2015,17931.5987670768,25.9,1314.83728027
Germany,DEU,2015,41911.0109851054,31.7,4627.35791016
Denmark,DNK,2015,53094.0133607574,28.2,5532.0
Dominican Republic,DOM,2015,6819.93225155181,45.2,322.94607544
Ecuador,ECU,2015,5976.1596805651,46.0,466.23751831
Spain,ESP,2015,25969.8383138327,36.2,2349.09375
Estonia,EST,2015,17722.1557669523,32.7,1156.20275879
Finland,FIN,2015,42560.3456767103,27.1,4128.0
France,FRA,2015,36702.4323733379,32.7,4201.78173828
United Kingdom,GBR,2015,44964.3911437292,33.3,4433.85839844
Georgia,GEO,2015,4086.6223465965,36.5,294.0
Greece,GRC,2015,17980.7298238137,36.0,1481.41967773
Honduras,HND,2015,2271.20265980349,49.2,168.92593384
Hungary,HUN,2015,12717.038597002,30.4,871.0
Indonesia,IDN,2015,3288.22269737572,38.2,97.16175842
Ireland,IRL,2015,64311.8234684057,31.8,4575.94482422
Israel,ISR,2015,36123.9907881129,39.7,2661.0
Italy,ITA,2015,30387.1293187854,35.4,2676.0
Kazakhstan,KAZ,2015,10196.1226255982,26.8,314.0
Kyrgyz Republic,KGZ,2015,1105.65202996955,29.0,81.0
Lithuania,LTU,2015,14300.2553666736,37.4,920.0
Luxembourg,LUX,2015,105462.012584423,32.9,5422.0
Latvia,LVA,2015,13321.9753140616,34.2,776.0
Moldova,MDA,2015,2749.55137054338,27.0,186.0
Netherlands,NLD,2015,45793.8135434697,28.2,4677.0
Norway,NOR,2015,74809.9658049898,27.5,7566.0
Panama,PAN,2015,14082.6548502728,50.8,982.79394531
Peru,PER,2015,6231.71150338894,43.4,310.26644897
Poland,POL,2015,12637.5220324406,31.8,804.0
Portugal,PRT,2015,19215.7813014347,35.5,1791.0
Paraguay,PRY,2015,5879.33792308671,47.6,392.22418213
Romania,ROU,2015,8977.01748158196,35.9,442.0
El Salvador,SLV,2015,3790.34089108162,40.6,329.44250488
Slovak Republic,SVK,2015,16442.0760860018,26.5,1109.0
Slovenia,SVN,2015,20697.2748530619,25.4,1776.0
Sweden,SWE,2015,51197.9529341175,29.2,5599.0
Thailand,THA,2015,5688.85335397884,36.0,219.91911316
Ukraine,UKR,2015,2094.47387695313,25.5,158.0
Uruguay,URY,2015,17125.9016800298,40.1,1410.3215332
United States,USA,2015,57040.2082136605,41.2,9248.93457031
Argentina,ARG,2016,12699.9623137756,42.3,1258.3079834
Armenia,ARM,2016,3524.42476874707,32.5,366.0
Austria,AUT,2016,45061.4993920192,30.8,4710.0
Belgium,BEL,2016,41854.5498296444,27.6,4542.79492188
Bulgaria,BGR,2016,7570.93165511708,40.6,562.0
Belarus,BLR,2016,5039.77560949445,25.3,291.0
Bolivia,BOL,2016,3035.8734778704,45.2,205.92243958
Brazil,BRA,2016,8836.28652636996,53.4,795.93798828
Canada,CAN,2016,42314.0615817218,32.7,4667.703125
Switzerland,CHE,2016,82153.0745447889,33.0,9078.75878906
Colombia,COL,2016,5959.84250367574,50.6,447.06994629
Costa Rica,CRI,2016,12091.0301606154,48.7,870.73840332
Cyprus,CYP,2016,24715.154296875,32.9,1649.0
Czechia,CZE,2016,18753.9686718096,25.4,1384.66357422
Germany,DEU,2016,42961.0356905775,31.4,4746.87011719
Denmark,DNK,2016,54500.9260410217,28.2,5624.0
Dominican Republic,DOM,2016,7174.82349574,45.7,329.10879517
Ecuador,ECU,2016,5917.63771271481,45.0,450.82925415
Spain,ESP,2016,26740.6851818829,35.8,2376.60107422
Estonia,EST,2016,18666.3736521706,31.2,1226.0859375
Finland,FIN,2016,43451.2562442158,27.1,4109.0
France,FRA,2016,37024.2157133669,31.9,4256.765625
United Kingdom,GBR,2016,40985.2351382417,33.1,4017.34228516
Georgia,GEO,2016,4143.40125686315,36.6,321.0
Greece,GRC,2016,17919.2426377048,35.0,1513.25915527
Honduras,HND,2016,2307.34468351082,49.8,176.97311401
Hungary,HUN,2016,13104.6995457458,30.3,914.0
Indonesia,IDN,2016,3521.46943456251,36.9,107.52870941
Ireland,IRL,2016,64292.659966313,32.8,4726.31298828
Israel,ISR,2016,37556.6272863143,39.0,2801.0
Italy,ITA,2016,31126.3246947273,35.2,2700.0
Kazakhstan,KAZ,2016,7475.56688689424,27.2,260.0
Kyrgyz Republic,KGZ,2016,1103.27498361324,26.8,73.0
Lithuania,LTU,2016,14981.6208126311,38.4,989.0
Luxembourg,LUX,2016,106899.293549552,31.7,5475.0
Latvia,LVA,2016,13838.5266823272,34.3,875.0
Moldova,MDA,2016,2847.08794770479,26.3,171.0
Netherlands,NLD,2016,46808.5291492503,28.2,4644.0
Norway,NOR,2016,70867.3609970749,28.5,7497.0
Panama,PAN,2016,14832.3611608191,50.4,1057.40661621
Peru,PER,2016,6217.03599995447,43.6,311.43518066
Poland,POL,2016,12464.0110508476,31.2,816.0
Portugal,PRT,2016,19980.2808866516,35.2,1875.0
Paraguay,PRY,2016,5775.1596339946,47.9,384.44702148
Romania,ROU,2016,9404.54005870715,34.4,476.0
El Salvador,SLV,2016,3901.34014965811,40.0,337.27490234
Slovak Republic,SVK,2016,16636.0769133073,25.2,1176.0
Slovenia,SVN,2016,21447.8377796036,24.8,1835.0
Sweden,SWE,2016,51820.3972482676,29.6,5681.0
Thailand,THA,2016,5833.57715617098,36.9,230.60774231
Ukraine,UKR,2016,2158.46118164063,25.0,157.0
Uruguay,URY,2016,17009.7586944503,39.7,1454.54711914
United States,USA,2016,58206.6141931844,41.1,9599.890625
Argentina,ARG,2017,14532.5009308511,41.4,1494.83605957
Armenia,ARM,2017,3869.05373867752,33.6,419.0
Austria,AUT,2017,47163.7425775142,29.7,4939.0
Belgium,BEL,2017,44035.3239358548,27.4,4782.64697266
Bulgaria,BGR,2017,8381.88134621669,40.4,625.0
Belarus,BLR,2017,5785.53397723676,25.4,325.0
Bolivia,BOL,2017,3306.30301176558,44.6,212.87913513
Brazil,BRA,2017,10080.5092817775,53.3,937.34289551
Canada,CAN,2017,45129.628116623,33.3,4920.72851563
Switzerland,CHE,2017,82254.3769269767,32.7,9119.96972656
Colombia,COL,2017,6479.53231292429,49.7,495.27026367
Costa Rica,CRI,2017,12317.0902771304,48.3,853.75048828
Cyprus,CYP,2017,26696.990234375,31.4,1773.0
Czechia,CZE,2017,20913.197632212,24.9,1525.34790039
Germany,DEU,2017,45526.5999576533,31.3,5070.19580078
Denmark,DNK,2017,57521.5514992225,28.7,5834.0
Dominican Republic,DOM,2017,7499.69286187019,42.2,337.60925293
Ecuador,ECU,2017,6233.32244797718,44.7,470.80328369
Spain,ESP,2017,28367.9392609439,34.7,2524.68481445
Estonia,EST,2017,20851.5223496861,30.4,1350.12646484
Finland,FIN,2017,46085.0174739036,27.4,4236.0
France,FRA,2017,38687.1626407164,31.6,4410.59912109
United Kingdom,GBR,2017,40572.1214823783,32.6,3910.81420898
Georgia,GEO,2017,4418.75206546679,37.9,304.0
Greece,GRC,2017,18631.9930129293,34.4,1509.7845459
Honduras,HND,2017,2413.0076562942,49.4,168.39216614
Hungary,HUN,2017,14621.2395956755,30.6,985.0
Indonesia,IDN,2017,3798.88326177649,36.4,111.51396179
Ireland,IRL,2017,72499.3268743015,31.4,5010.25634766
Israel,ISR,2017,40997.9110240274,38.2,3094.0
Italy,ITA,2017,32554.14668453,35.9,2810.0
Kazakhstan,KAZ,2017,8943.08416791984,27.5,278.0
Kyrgyz Republic,KGZ,2017,1221.39056490366,27.3,78.0
Lithuania,LTU,2017,16884.7100319318,37.3,1083.0
Luxembourg,LUX,2017,110193.213797228,34.5,5713.0
Latvia,LVA,2017,15132.4958333982,35.6,933.0
Moldova,MDA,2017,3453.26727720294,25.9,244.0
Netherlands,NLD,2017,49513.6817346384,28.5,4935.0
Norway,NOR,2017,76131.8384032764,27.0,7816.0
Panama,PAN,2017,15694.6297454295,49.9,1127.68896484
Peru,PER,2017,6736.16693725487,43.3,333.11575317
Poland,POL,2017,13913.3402919927,29.7,910.0
Portugal,PRT,2017,21442.3842768879,33.8,1998.0
Paraguay,PRY,2017,6152.26711537703,48.5,405.53366089
Romania,ROU,2017,10727.9822007426,36.0,555.0
El Salvador,SLV,2017,4020.12671373919,38.0,335.73712158
Slovak Republic,SVK,2017,17645.5298716761,23.2,1189.0
Slovenia,SVN,2017,23303.077705959,24.2,1925.0
Sweden,SWE,2017,53300.8587281785,28.8,5838.0
Thailand,THA,2017,6413.09182530343,36.4,247.99453735
Ukraine,UKR,2017,2604.28759765625,26.0,187.0
Uruguay,URY,2017,19184.6626659717,39.5,1655.83239746
United States,USA,2017,60322.2614241747,41.2,9902.81835938
Argentina,ARG,2018,11752.7998922979,41.7,1216.10681152
Armenia,ARM,2018,4196.00562301769,34.4,439.0
Austria,AUT,2018,51194.0749841299,30.8,5337.0
Belgium,BEL,2018,47487.2100392561,27.2,5176.98388672
Bulgaria,BGR,2018,9436.14479876055,41.3,690.0
Belarus,BLR,2018,6360.05310087258,25.2,342.0
Bolivia,BOL,2018,3500.72642189371,42.6,229.22540283
Brazil,BRA,2018,9300.66164936497,53.9,863.28173828
Canada,CAN,2018,46539.1761570405,32.5,5080.32324219
Switzerland,CHE,2018,85217.3691512274,33.1,9212.43261719
Colombia,COL,2018,6816.96818309544,50.4,517.15844727
Costa Rica,CRI,2018,12590.2493781614,48.0,902.22119141
Cyprus,CYP,2018,29599.986328125,32.7,2021.0
Czechia,CZE,2018,23705.9329811299,25.0,1753.19897461
Germany,DEU,2018,48874.8595028454,31.9,5511.21435547
Denmark,DNK,2018,61324.7665045565,28.2,6233.0
Dominican Republic,DOM,2018,7934.98141208525,43.7,327.90109253
Ecuador,ECU,2018,6303.91892523596,45.4,494.71490479
Spain,ESP,2018,30592.1264795541,34.7,2741.38256836
Estonia,EST,2018,23618.1361254581,30.3,1553.43347168
Finland,FIN,2018,49654.2497035329,27.3,4522.0
France,FRA,2018,41418.1766484844,32.4,4666.97998047
United Kingdom,GBR,2018,43203.8141057739,33.7,4226.20507813
Georgia,GEO,2018,4804.0546040444,36.4,332.0
Greece,GRC,2018,19873.4015238771,32.9,1603.07788086
Honduras,HND,2018,2464.64241531918,48.9,177.64666748
Hungary,HUN,2018,16425.2050299693,29.6,1080.0
Indonesia,IDN,2018,3860.95353077708,36.3,111.91187286
Ireland,IRL,2018,81248.3135388,30.6,5187.05761719
Israel,ISR,2018,42233.2610344935,38.6,3220.0
Italy,ITA,2018,34746.3441392416,35.2,3003.0
Kazakhstan,KAZ,2018,9472.48527327758,27.8,273.0
Kyrgyz Republic,KGZ,2018,1283.52040333083,27.7,67.0
Lithuania,LTU,2018,19368.5391045353,35.7,1249.0
Luxembourg,LUX,2018,116786.511654677,35.4,6227.0
Latvia,LVA,2018,17252.1710428626,35.1,1101.0
Moldova,MDA,2018,4156.44981956646,25.7,276.0
Netherlands,NLD,2018,53955.0770024266,28.1,5331.0
Norway,NOR,2018,82792.8427113304,27.6,8272.0
Panama,PAN,2018,16151.3273478476,49.2,1228.07336426
Peru,PER,2018,6978.49121548627,42.4,363.42483521
Poland,POL,2018,15658.2120316794,30.2,979.0
Portugal,PRT,2018,23541.1401075289,33.5,2216.0
Paraguay,PRY,2018,6258.44991640954,46.0,421.08627319
Romania,ROU,2018,12502.2624061935,35.8,687.0
El Salvador,SLV,2018,4183.54620971358,38.6,345.05181885
Slovak Republic,SVK,2018,19573.3717031314,25.0,1300.0
Slovenia,SVN,2018,25888.0481065655,24.6,2170.0
Sweden,SWE,2018,54181.9069780904,30.0,6005.0
Thailand,THA,2018,7099.77650081458,36.4,275.67111206
Ukraine,UKR,2018,3059.0517578125,26.1,221.0
Uruguay,URY,2018,19249.9401532664,39.7,1697.01452637
United States,USA,2018,63201.0458483771,41.4,10280.52636719
Argentina,ARG,2019,9955.97478680428,43.3,1016.23083496
Armenia,ARM,2019,4597.22887399548,30.0,549.0
Austria,AUT,2019,49885.9947355204,30.2,5263.0
Belgium,BEL,2019,46716.6227467964,27.2,5049.57714844
Bulgaria,BGR,2019,9838.60058985384,40.3,698.0
Belarus,BLR,2019,6837.76832136779,25.3,390.0
Bolivia,BOL,2019,3503.8960106182,41.6,239.17544556
Brazil,BRA,2019,9029.83326742175,53.5,850.43286133
Canada,CAN,2019,46352.8693445211,31.7,5115.97607422
Switzerland,CHE,2019,84121.9310304414,34.0,9341.0625
Colombia,COL,2019,6472.54544924705,51.3,500.73138428
Costa Rica,CRI,2019,12884.6859951989,48.2,914.88470459
Cyprus,CYP,2019,29703.052734375,31.2,2093.0
Czechia,CZE,2019,24062.7190013343,25.3,1803.05249023
Germany,DEU,2019,47623.8656074829,31.8,5486.98876953
Denmark,DNK,2019,59404.2663247723,27.7,6059.0
Dominican Republic,DOM,2019,8164.22080932117,41.9,346.50790405
Ecuador,ECU,2019,6205.05759479761,45.7,484.36807251
Spain,ESP,2019,29776.2011500384,34.3,2716.83349609
Estonia,EST,2019,24021.2501413306,30.8,1599.3503418
Finland,FIN,2019,48358.1807773701,27.7,4460.0
France,FRA,2019,40408.2848574751,31.2,4504.48486328
United Kingdom,GBR,2019,42662.5353740311,32.8,4268.67724609
Georgia,GEO,2019,4741.2832715876,35.9,309.0
Greece,GRC,2019,19335.3602002969,33.1,1569.02905273
Honduras,HND,2019,2502.32744328073,48.2,184.03918457
Hungary,HUN,2019,16786.2136399075,30.0,1054.0
Indonesia,IDN,2019,4106.94856173421,35.4,119.4984436
Ireland,IRL,2019,82508.4659883582,30.8,5462.73095703
Israel,ISR,2019,44140.8289372511,38.3,3354.0
Italy,ITA,2019,33812.788724868,34.6,2911.0
Kazakhstan,KAZ,2019,9457.12614657136,28.0,270.0
Kyrgyz Republic,KGZ,2019,1421.99927504102,29.7,63.0
Lithuania,LTU,2019,19727.7607453736,35.3,1370.0
Luxembourg,LUX,2019,112726.439672814,34.2,6222.0
Latvia,LVA,2019,17294.9751600969,34.5,1183.0
Moldova,MDA,2019,4405.33418162155,26.0,284.0
Netherlands,NLD,2019,53554.9007491475,29.2,5341.0
Norway,NOR,2019,76430.5889473338,27.7,8007.0
Panama,PAN,2019,16477.9066285687,49.8,1340.13781738
Peru,PER,2019,7037.00803692604,41.5,366.56491089
Poland,POL,2019,15874.5220531254,28.8,1014.0
Portugal,PRT,2019,23343.3628970034,32.8,2222.0
Paraguay,PRY,2019,5821.18199548637,45.7,415.88879395
Romania,ROU,2019,12992.0326104674,34.8,739.0
El Salvador,SLV,2019,4320.11671534627,38.8,377.02557373
Slovak Republic,SVK,2019,19406.0589683582,23.2,1342.0
Slovenia,SVN,2019,25814.1687167572,24.4,2219.0
Sweden,SWE,2019,51773.0464558993,29.3,5653.0
Thailand,THA,2019,7605.69657797759,34.9,289.17828369
Ukraine,UKR,2019,3619.86157226563,26.6,247.0
Uruguay,URY,2019,18315.7352857194,39.7,1677.09790039
United States,USA,2019,65604.6815198734,41.5,10658.39746094
Argentina,ARG,2020,8535.59938004389,42.7,895.08465576
Armenia,ARM,2020,4268.68093304583,25.1,552.0
Austria,AUT,2020,48716.4098900349,29.8,5567.0
Belgium,BEL,2020,45906.2875805246,26.0,5104.02539063
Bulgaria,BGR,2020,10198.5388313404,40.5,857.0
Belarus,BLR,2020,6542.8645398436,24.4,408.0
Bolivia,BOL,2020,3099.94219044572,43.6,246.19775391
Brazil,BRA,2020,7074.19378281866,48.9,704.99536133
Canada,CAN,2020,43537.839298904,,5668.34765625
Switzerland,CHE,2020,85897.7843338323,33.7,10085.45605469
Colombia,COL,2020,5339.68711357943,53.5,462.2328186
Costa Rica,CRI,2020,12394.0493969492,49.2,953.08251953
Cyprus,CYP,2020,28649.015625,31.7,2362.0
Czechia,CZE,2020,23472.8915454417,26.2,2119.26831055
Germany,DEU,2020,47379.765194548,32.4,5936.25146484
Denmark,DNK,2020,60985.4885601514,27.5,6442.0
Dominican Republic,DOM,2020,7162.29175242114,39.6,354.09362793
Ecuador,ECU,2020,5463.64509649315,47.3,471.87576294
Spain,ESP,2020,27230.3599933583,34.9,2899.01879883
Estonia,EST,2020,23933.9939421065,30.7,1789.03479004
Finland,FIN,2020,48828.6846862799,27.1,4736.0
France,FRA,2020,39169.8606000707,30.7,4755.44042969
United Kingdom,GBR,2020,40201.6812422928,32.6,4906.23974609
Georgia,GEO,2020,4300.85701291207,34.5,355.0
Greece,GRC,2020,17886.733165236,33.6,1675.11706543
Honduras,HND,2020,2307.61494319511,,212.6973114
Hungary,HUN,2020,16131.9540355923,29.7,1173.0
Indonesia,IDN,2020,3853.70288778903,35.3,133.25634766
Ireland,IRL,2020,87567.1148972037,29.2,6098.26660156
Israel,ISR,2020,44679.7715799755,37.8,3637.0
Italy,ITA,2020,32091.4866621366,35.2,3062.0
Kazakhstan,KAZ,2020,8781.50797787648,28.7,338.0
Kyrgyz Republic,KGZ,2020,1229.51775742135,29.0,64.0
Lithuania,LTU,2020,20541.824988603,36.0,1520.0
Luxembourg,LUX,2020,116905.370396853,33.4,6786.0
Latvia,LVA,2020,17564.2321549354,35.7,1313.0
Moldova,MDA,2020,4375.7788930524,,307.0
Netherlands,NLD,2020,53467.9277413737,26.0,5858.0
Norway,NOR,2020,68340.0181033702,,7825.0
Panama,PAN,2020,13290.5608347594,,1358.09069824
Peru,PER,2020,6133.32552410183,43.7,388.48730469
Poland,POL,2020,15987.5753654045,28.5,1026.0
Portugal,PRT,2020,22299.4044062173,34.7,2346.0
Paraguay,PRY,2020,5365.47220721191,43.5,410.887146
Romania,ROU,2020,13082.3006559554,34.6,810.0
El Salvador,SLV,2020,3997.19279583709,,354.48699951
Slovak Republic,SVK,2020,19735.4858280801,24.2,1394.0
Slovenia,SVN,2020,25392.0651093612,24.0,2417.0
Sweden,SWE,2020,52653.7565934247,28.9,6003.0
Thailand,THA,2020,6985.64393892574,35.0,305.08792114
Ukraine,UKR,2020,3709.76928710938,25.6,270.0
Uruguay,URY,2020,15789.6857422214,40.2,1427.14025879
United States,USA,2020,64411.3731779373,39.7,11758.42480469
Argentina,ARG,2021,10738.0179223384,42.4,1044.77270508
Armenia,ARM,2021,4685.17997128509,27.9,613.0
Austria,AUT,2021,53648.7190742245,30.7,6505.0
Belgium,BEL,2021,51655.7883303715,26.6,5680.23144531
Bulgaria,BGR,2021,12274.0775950496,39.0,1040.0
Belarus,BLR,2021,7489.71894713888,,468.0
Bolivia,BOL,2021,3384.84486479247,40.9,272.95922852
Brazil,BRA,2021,7972.53665048385,52.9,761.26776123
Canada,CAN,2021,52496.8441693242,,6470.06787109
Switzerland,CHE,2021,93446.4344518943,,10897.45019531
Colombia,COL,2021,6222.62164397614,55.1,557.53948975
Costa Rica,CRI,2021,12838.1185358931,48.7,948.92163086
Cyprus,CYP,2021,33734.29296875,31.3,2990.0
Czechia,CZE,2021,27696.4619527544,26.2,2498.51660156
Germany,DEU,2021,52265.6541620571,,6626.00488281
Denmark,DNK,2021,69727.9873677012,28.3,7382.0
Dominican Republic,DOM,2021,8472.47982000992,38.5,416.89974976
Ecuador,ECU,2021,6075.8026572556,45.8,494.30838013
Spain,ESP,2021,30817.6828559001,33.9,3234.29296875
Estonia,EST,2021,27953.7670230126,31.8,2094.50317383
Finland,FIN,2021,53099.1351400148,27.7,5488.0
France,FRA,2021,43725.0999521245,31.5,5380.875
United Kingdom,GBR,2021,46896.8662432834,32.4,5738.48486328
Georgia,GEO,2021,5083.60695484577,34.2,417.0
Greece,GRC,2021,20654.7001960815,32.9,1845.77563477
Honduras,HND,2021,2735.14751503977,,253.91804504
Hungary,HUN,2021,18755.1023464312,29.2,1382.0
Indonesia,IDN,2021,4287.17313989405,35.5,160.64176941
Ireland,IRL,2021,105561.137468992,30.1,6764.25878906
Israel,ISR,2021,52255.6159050999,37.9,4339.0
Italy,ITA,2021,36852.5425414951,34.8,3350.0
Kazakhstan,KAZ,2021,9983.60103576902,29.2,403.0
Kyrgyz Republic,KGZ,2021,1349.99730650542,28.8,73.0
Lithuania,LTU,2021,23934.728489916,36.7,1859.0
Luxembourg,LUX,2021,133711.794435985,32.7,7636.0
Latvia,LVA,2021,20262.8433862451,34.3,1898.0
Moldova,MDA,2021,5274.60582195352,25.7,410.0
Netherlands,NLD,2021,60141.9880911492,25.7,6539.0
Norway,NOR,2021,93072.8925119571,,9163.0
Panama,PAN,2021,15509.8069109784,50.9,1415.24499512
Peru,PER,2021,6826.9720069846,40.1,412.20855713
Poland,POL,2021,18635.5104895754,28.5,1159.0
Portugal,PRT,2021,24711.4510062111,34.6,2747.0
Paraguay,PRY,2021,5976.9317978996,42.9,478.70828247
Romania,ROU,2021,14986.7854904274,33.9,963.0
El Salvador,SLV,2021,4642.60743101342,39.0,442.21374512
Slovak Republic,SVK,2021,22138.1949833348,24.1,1685.0
Slovenia,SVN,2021,29187.369382785,24.3,2775.0
Sweden,SWE,2021,61174.9680215622,29.8,6901.0
Thailand,THA,2021,7058.0694998852,34.9,364.36968994
Ukraine,UKR,2021,4775.94580078125,,368.0
Uruguay,URY,2021,17888.211510172,40.8,1620.32641602
United States,USA,2021,71318.3073592183,39.7,12012.24121094
Argentina,ARG,2022,13935.6811110049,40.7,
Armenia,ARM,2022,6571.97445545099,27.9,
Austria,AUT,2022,52176.6649141178,,
Belgium,BEL,2022,50807.2047084918,,
Bulgaria,BGR,2022,13644.201582807,,
Belarus,BLR,2022,7994.64806074889,,
Bolivia,BOL,2022,3643.92826968677,,
Brazil,BRA,2022,9281.33334441234,52.0,
Canada,CAN,2022,55509.393176404,,6207.18164063
Switzerland,CHE,2022,93245.7952120851,,
Colombia,COL,2022,6674.59601948063,54.8,
Costa Rica,CRI,2022,13625.9008491328,47.2,
Cyprus,CYP,2022,33938.9453125,,
Czechia,CZE,2022,28282.2236715857,,
Germany,DEU,2022,49686.1154582583,,6191.03515625
Denmark,DNK,2022,68091.3191138669,,6332.0
Dominican Republic,DOM,2022,10109.5234003521,37.0,
Ecuador,ECU,2022,6540.99824522101,45.5,
Spain,ESP,2022,30287.3657583614,,
Estonia,EST,2022,28451.1477825175,,1986.31225586
Finland,FIN,2022,50438.4753952355,,
France,FRA,2022,41082.8119320747,,
United Kingdom,GBR,2022,45935.9276473925,,5138.63623047
Georgia,GEO,2022,6729.84659930283,33.5,484.0
Greece,GRC,2022,20971.8349258283,,
Honduras,HND,2022,3003.28996826399,,
Hungary,HUN,2022,18353.298364905,,
Indonesia,IDN,2022,4730.74548910499,35.5,
Ireland,IRL,2022,106194.755859223,,6349.47753906
Israel,ISR,2022,54930.7261602593,,
Italy,ITA,2022,35635.7442204098,,3066.0
Kazakhstan,KAZ,2022,11255.3396437881,,
Kyrgyz Republic,KGZ,2022,1739.72030814894,26.4,
Lithuania,LTU,2022,25085.784063499,,1868.0
Luxembourg,LUX,2022,125006.021815486,,6956.0
Latvia,LVA,2022,20229.4613617326,,
Moldova,MDA,2022,5738.42473515618,,
Netherlands,NLD,2022,59123.318556487,,
Norway,NOR,2022,108798.451165901,,8693.0
Panama,PAN,2022,17332.4360742988,,
Peru,PER,2022,7363.27206939639,40.3,
Poland,POL,2022,18891.2121169279,,1225.0
Portugal,PRT,2022,24620.519556875,,2586.0
Paraguay,PRY,2022,6205.62595379319,45.1,
Romania,ROU,2022,15557.8826247584,,
El Salvador,SLV,2022,5093.51833879776,38.8,
Slovak Republic,SVK,2022,21342.7666714692,,
Slovenia,SVN,2022,28373.8382265999,,2608.0
Sweden,SWE,2022,55296.9371472535,,5980.0
Thailand,THA,2022,6909.35997481451,,
Ukraine,UKR,2022,4199.6708984375,,
Uruguay,URY,2022,20691.9738991763,40.6,
United States,USA,2022,78035.1753604212,41.3,12473.79101563
