Country,Year,Population
Afghanistan,2000,20130279
Afghanistan,2001,20284252
Afghanistan,2002,21378081
Afghanistan,2003,22733007
Afghanistan,2004,23560598
Afghanistan,2005,24404520
Afghanistan,2006,25424050
Afghanistan,2007,25909790
Afghanistan,2008,26482577
Afghanistan,2009,27466056
Afghanistan,2010,28284036
Afghanistan,2011,29347668
Afghanistan,2012,30559988
Afghanistan,2013,31622662
Afghanistan,2014,32792472
Afghanistan,2015,33831716
Afghanistan,2016,34700565
Afghanistan,2017,35688889
Afghanistan,2018,36742997
Afghanistan,2019,37856071
Afghanistan,2020,39068933
Afghanistan,2021,40000360
Afghanistan,2022,40578801
Afghanistan,2023,41454709
Albania,2000,3166104
Albania,2001,3147892
Albania,2002,3134049
Albania,2003,3118038
Albania,2004,3098613
Albania,2005,3076108
Albania,2006,3050754
Albania,2007,3022843
Albania,2008,2992879
Albania,2009,2961436
Albania,2010,2928681
Albania,2011,2911446
Albania,2012,2909947
Albania,2013,2907512
Albania,2014,2903689
Albania,2015,2898589
Albania,2016,2897815
Albania,2017,2898198
Albania,2018,2894181
Albania,2019,2884969
Albania,2020,2871900
Albania,2021,2849591
Albania,2022,2827562
Albania,2023,2811615
Algeria,2000,30903850
Algeria,2001,31331173
Algeria,2002,31750790
Algeria,2003,32175762
Algeria,2004,32628233
Algeria,2005,33109211
Algeria,2006,33623459
Algeria,2007,34189375
Algeria,2008,34816912
Algeria,2009,35490399
Algeria,2010,36188192
Algeria,2011,36903328
Algeria,2012,37646120
Algeria,2013,38414134
Algeria,2014,39204992
Algeria,2015,40019473
Algeria,2016,40850673
Algeria,2017,41689261
Algeria,2018,42504975
Algeria,2019,43294503
Algeria,2020,44042041
Algeria,2021,44761051
Algeria,2022,45477339
Algeria,2023,46164169
Andorra,2000,65653
Andorra,2001,65826
Andorra,2002,66469
Andorra,2003,69456
Andorra,2004,74295
Andorra,2005,77390
Andorra,2006,79552
Andorra,2007,81850
Andorra,2008,83468
Andorra,2009,83863
Andorra,2010,80679
Andorra,2011,77749
Andorra,2012,76812
Andorra,2013,75175
Andorra,2014,73701
Andorra,2015,72151
Andorra,2016,72144
Andorra,2017,73730
Andorra,2018,75145
Andorra,2019,76436
Andorra,2020,77343
Andorra,2021,78328
Andorra,2022,79675
Andorra,2023,80825
Angola,2000,16194813
Angola,2001,16747158
Angola,2002,17327653
Angola,2003,17943666
Angola,2004,18600378
Angola,2005,19291121
Angola,2006,20015238
Angola,2007,20778519
Angola,2008,21578610
Angola,2009,22414715
Angola,2010,23294781
Angola,2011,24218306
Angola,2012,25177351
Angola,2013,26165566
Angola,2014,27160719
Angola,2015,28157754
Angola,2016,29183023
Angola,2017,30234791
Angola,2018,31297103
Angola,2019,32375581
Angola,2020,33451100
Angola,2021,34532382
Angola,2022,35634984
Angola,2023,36749852
Anguilla,2000,11151
Anguilla,2001,11457
Anguilla,2002,11679
Anguilla,2003,11857
Anguilla,2004,12046
Anguilla,2005,12244
Anguilla,2006,12449
Anguilla,2007,12652
Anguilla,2008,12868
Anguilla,2009,13093
Anguilla,2010,13331
Anguilla,2011,13550
Anguilla,2012,13356
Anguilla,2013,13225
Anguilla,2014,13703
Anguilla,2015,14195
Anguilla,2016,14301
Anguilla,2017,14404
Anguilla,2018,14703
Anguilla,2019,14798
Anguilla,2020,14831
Anguilla,2021,14458
Anguilla,2022,14164
Anguilla,2023,14391
Antigua and Barbuda,2000,74881
Antigua and Barbuda,2001,76033
Antigua and Barbuda,2002,77002
Antigua and Barbuda,2003,77845
Antigua and Barbuda,2004,78677
Antigua and Barbuda,2005,79579
Antigua and Barbuda,2006,80566
Antigua and Barbuda,2007,81679
Antigua and Barbuda,2008,82880
Antigua and Barbuda,2009,84138
Antigua and Barbuda,2010,85286
Antigua and Barbuda,2011,86296
Antigua and Barbuda,2012,87228
Antigua and Barbuda,2013,88018
Antigua and Barbuda,2014,88730
Antigua and Barbuda,2015,89367
Antigua and Barbuda,2016,89929
Antigua and Barbuda,2017,90435
Antigua and Barbuda,2018,90889
Antigua and Barbuda,2019,91328
Antigua and Barbuda,2020,91818
Antigua and Barbuda,2021,92316
Antigua and Barbuda,2022,92804
Antigua and Barbuda,2023,93293
Argentina,2000,37213933
Argentina,2001,37624762
Argentina,2002,38029300
Argentina,2003,38424224
Argentina,2004,38815865
Argentina,2005,39216734
Argentina,2006,39622060
Argentina,2007,40016709
Argentina,2008,40424101
Argentina,2009,40854783
Argentina,2010,41288642
Argentina,2011,41730610
Argentina,2012,42161676
Argentina,2013,42582408
Argentina,2014,43024021
Argentina,2015,43476961
Argentina,2016,43900264
Argentina,2017,44288844
Argentina,2018,44654822
Argentina,2019,44973412
Argentina,2020,45191917
Argentina,2021,45312226
Argentina,2022,45407866
Argentina,2023,45538356
Armenia,2000,3125566
Armenia,2001,3084300
Armenia,2002,3055592
Armenia,2003,3038932
Armenia,2004,3022490
Armenia,2005,3006305
Armenia,2006,2990317
Armenia,2007,2974777
Armenia,2008,2959943
Armenia,2009,2945458
Armenia,2010,2931041
Armenia,2011,2923214
Armenia,2012,2922474
Armenia,2013,2922487
Armenia,2014,2922390
Armenia,2015,2921124
Armenia,2016,2918753
Armenia,2017,2914918
Armenia,2018,2909917
Armenia,2019,2903922
Armenia,2020,2890849
Armenia,2021,2870293
Armenia,2022,2880829
Armenia,2023,2943346
Aruba,2000,88729
Aruba,2001,90276
Aruba,2002,91348
Aruba,2003,92281
Aruba,2004,93173
Aruba,2005,94198
Aruba,2006,95355
Aruba,2007,96553
Aruba,2008,97772
Aruba,2009,98990
Aruba,2010,100082
Aruba,2011,100950
Aruba,2012,101717
Aruba,2013,102523
Aruba,2014,103341
Aruba,2015,104153
Aruba,2016,104947
Aruba,2017,105690
Aruba,2018,106404
Aruba,2019,107048
Aruba,2020,107360
Aruba,2021,107524
Aruba,2022,107746
Aruba,2023,107904
Australia,2000,19132426
Australia,2001,19365383
Australia,2002,19595306
Australia,2003,19819398
Australia,2004,20046631
Australia,2005,20294430
Australia,2006,20590515
Australia,2007,20954497
Australia,2008,21370545
Australia,2009,21782958
Australia,2010,22141527
Australia,2011,22479723
Australia,2012,22852597
Australia,2013,23236224
Australia,2014,23595552
Australia,2015,23947955
Australia,2016,24329914
Australia,2017,24730998
Australia,2018,25119651
Australia,2019,25482660
Australia,2020,25743732
Australia,2021,25956358
Australia,2022,26200929
Australia,2023,26451074
Austria,2000,8012872
Austria,2001,8042189
Austria,2002,8081595
Austria,2003,8122551
Austria,2004,8173453
Austria,2005,8229148
Austria,2006,8269852
Austria,2007,8296906
Austria,2008,8323196
Austria,2009,8345019
Austria,2010,8365050
Austria,2011,8393226
Austria,2012,8431540
Austria,2013,8481365
Austria,2014,8547760
Austria,2015,8643981
Austria,2016,8737874
Austria,2017,8798734
Austria,2018,8841608
Austria,2019,8880830
Austria,2020,8921362
Austria,2021,8967006
Austria,2022,9064633
Austria,2023,9130386
Azerbaijan,2000,8174736
Azerbaijan,2001,8251722
Azerbaijan,2002,8326090
Azerbaijan,2003,8400486
Azerbaijan,2004,8489831
Azerbaijan,2005,8597205
Azerbaijan,2006,8711329
Azerbaijan,2007,8828270
Azerbaijan,2008,8942598
Azerbaijan,2009,9046297
Azerbaijan,2010,9146807
Azerbaijan,2011,9256100
Azerbaijan,2012,9376131
Azerbaijan,2013,9504374
Azerbaijan,2014,9631088
Azerbaijan,2015,9752813
Azerbaijan,2016,9868395
Azerbaijan,2017,9968463
Azerbaijan,2018,10039730
Azerbaijan,2019,10110446
Azerbaijan,2020,10181688
Azerbaijan,2021,10234332
Azerbaijan,2022,10295256
Azerbaijan,2023,10318161
Bahamas,2000,323804
Bahamas,2001,327798
Bahamas,2002,331575
Bahamas,2003,335573
Bahamas,2004,339743
Bahamas,2005,343857
Bahamas,2006,348333
Bahamas,2007,353289
Bahamas,2008,358083
Bahamas,2009,362746
Bahamas,2010,367432
Bahamas,2011,371683
Bahamas,2012,375423
Bahamas,2013,378905
Bahamas,2014,382262
Bahamas,2015,385302
Bahamas,2016,388002
Bahamas,2017,390454
Bahamas,2018,392668
Bahamas,2019,394631
Bahamas,2020,395827
Bahamas,2021,396326
Bahamas,2022,397492
Bahamas,2023,399410
Bahrain,2000,669543
Bahrain,2001,699926
Bahrain,2002,752141
Bahrain,2003,811229
Bahrain,2004,871404
Bahrain,2005,932571
Bahrain,2006,994573
Bahrain,2007,1057370
Bahrain,2008,1120668
Bahrain,2009,1183577
Bahrain,2010,1213201
Bahrain,2011,1206693
Bahrain,2012,1216256
Bahrain,2013,1257153
Bahrain,2014,1312803
Bahrain,2015,1369607
Bahrain,2016,1429559
Bahrain,2017,1481958
Bahrain,2018,1497582
Bahrain,2019,1485632
Bahrain,2020,1483026
Bahrain,2021,1501708
Bahrain,2022,1533408
Bahrain,2023,1569625
Bangladesh,2000,134544254
Bangladesh,2001,136805753
Bangladesh,2002,138933610
Bangladesh,2003,140970309
Bangladesh,2004,142902810
Bangladesh,2005,144715747
Bangladesh,2006,146405934
Bangladesh,2007,147989238
Bangladesh,2008,149474218
Bangladesh,2009,150873661
Bangladesh,2010,152201922
Bangladesh,2011,153591029
Bangladesh,2012,155070060
Bangladesh,2013,156532092
Bangladesh,2014,157964878
Bangladesh,2015,159383130
Bangladesh,2016,160811890
Bangladesh,2017,162186094
Bangladesh,2018,163523054
Bangladesh,2019,164913011
Bangladesh,2020,166297978
Bangladesh,2021,167658798
Bangladesh,2022,169384838
Bangladesh,2023,171466945
Barbados,2000,262028
Barbados,2001,262376
Barbados,2002,264107
Barbados,2003,265735
Barbados,2004,267247
Barbados,2005,268672
Barbados,2006,269966
Barbados,2007,271250
Barbados,2008,272679
Barbados,2009,274081
Barbados,2010,275193
Barbados,2011,276094
Barbados,2012,276904
Barbados,2013,277625
Barbados,2014,278302
Barbados,2015,278942
Barbados,2016,279556
Barbados,2017,280132
Barbados,2018,280674
Barbados,2019,281162
Barbados,2020,281654
Barbados,2021,282111
Barbados,2022,282268
Barbados,2023,282302
Belarus,2000,9991254
Belarus,2001,9938024
Belarus,2002,9873403
Belarus,2003,9803112
Belarus,2004,9735039
Belarus,2005,9667778
Belarus,2006,9607999
Belarus,2007,9563078
Belarus,2008,9529315
Belarus,2009,9507289
Belarus,2010,9490705
Belarus,2011,9472681
Belarus,2012,9463025
Belarus,2013,9464405
Belarus,2014,9472660
Belarus,2015,9487235
Belarus,2016,9499018
Belarus,2017,9495737
Belarus,2018,9479978
Belarus,2019,9435364
Belarus,2020,9350896
Belarus,2021,9251315
Belarus,2022,9173190
Belarus,2023,9115626
Belgium,2000,10251672
Belgium,2001,10286956
Belgium,2002,10332929
Belgium,2003,10376207
Belgium,2004,10421247
Belgium,2005,10478829
Belgium,2006,10548397
Belgium,2007,10625433
Belgium,2008,10709668
Belgium,2009,10812883
Belgium,2010,10936569
Belgium,2011,11038580
Belgium,2012,11107477
Belgium,2013,11160227
Belgium,2014,11210070
Belgium,2015,11275281
Belgium,2016,11332652
Belgium,2017,11376542
Belgium,2018,11428564
Belgium,2019,11490570
Belgium,2020,11540055
Belgium,2021,11570794
Belgium,2022,11641759
Belgium,2023,11712836
Belize,2000,240769
Belize,2001,248338
Belize,2002,255972
Belize,2003,263743
Belize,2004,271646
Belize,2005,279698
Belize,2006,287841
Belize,2007,296069
Belize,2008,304321
Belize,2009,312570
Belize,2010,320203
Belize,2011,327253
Belize,2012,334367
Belize,2013,341596
Belize,2014,348889
Belize,2015,356296
Belize,2016,364666
Belize,2017,373177
Belize,2018,380188
Belize,2019,385784
Belize,2020,390775
Belize,2021,395312
Belize,2022,402691
Belize,2023,411073
Benin,2000,7221570
Benin,2001,7445548
Benin,2002,7675382
Benin,2003,7913016
Benin,2004,8159045
Benin,2005,8426103
Benin,2006,8693194
Benin,2007,8953918
Benin,2008,9228420
Benin,2009,9509380
Benin,2010,9797446
Benin,2011,10093579
Benin,2012,10397614
Benin,2013,10708774
Benin,2014,11029964
Benin,2015,11360628
Benin,2016,11697798
Benin,2017,12039735
Benin,2018,12383302
Benin,2019,12726713
Benin,2020,13070131
Benin,2021,13413371
Benin,2022,13759458
Benin,2023,14110987
Bermuda,2000,61528
Bermuda,2001,61840
Bermuda,2002,62118
Bermuda,2003,62367
Bermuda,2004,62536
Bermuda,2005,62690
Bermuda,2006,62806
Bermuda,2007,62985
Bermuda,2008,63273
Bermuda,2009,63540
Bermuda,2010,63708
Bermuda,2011,63705
Bermuda,2012,63617
Bermuda,2013,63548
Bermuda,2014,63499
Bermuda,2015,63442
Bermuda,2016,63421
Bermuda,2017,63546
Bermuda,2018,63810
Bermuda,2019,64083
Bermuda,2020,64354
Bermuda,2021,64622
Bermuda,2022,64734
Bermuda,2023,64676
Bhutan,2000,596815
Bhutan,2001,610761
Bhutan,2002,624369
Bhutan,2003,637625
Bhutan,2004,650515
Bhutan,2005,661827
Bhutan,2006,670755
Bhutan,2007,678600
Bhutan,2008,686312
Bhutan,2009,693954
Bhutan,2010,701585
Bhutan,2011,709337
Bhutan,2012,717237
Bhutan,2013,725241
Bhutan,2014,733102
Bhutan,2015,740573
Bhutan,2016,747831
Bhutan,2017,754292
Bhutan,2018,759710
Bhutan,2019,764777
Bhutan,2020,769966
Bhutan,2021,775407
Bhutan,2022,780868
Bhutan,2023,786330
Bolivia,2000,8606277
Bolivia,2001,8752692
Bolivia,2002,8900306
Bolivia,2003,9050652
Bolivia,2004,9204246
Bolivia,2005,9360702
Bolivia,2006,9521625
Bolivia,2007,9685913
Bolivia,2008,9850806
Bolivia,2009,10016233
Bolivia,2010,10182290
Bolivia,2011,10348877
Bolivia,2012,10515765
Bolivia,2013,10682555
Bolivia,2014,10848842
Bolivia,2015,11014657
Bolivia,2016,11179968
Bolivia,2017,11344540
Bolivia,2018,11508320
Bolivia,2019,11671329
Bolivia,2020,11816245
Bolivia,2021,11937318
Bolivia,2022,12077101
Bolivia,2023,12244104
Bosnia and Herzegovina,2000,4159737
Bosnia and Herzegovina,2001,4179394
Bosnia and Herzegovina,2002,4187959
Bosnia and Herzegovina,2003,4178486
Bosnia and Herzegovina,2004,4140947
Bosnia and Herzegovina,2005,4096437
Bosnia and Herzegovina,2006,4063222
Bosnia and Herzegovina,2007,4013375
Bosnia and Herzegovina,2008,3947499
Bosnia and Herzegovina,2009,3879744
Bosnia and Herzegovina,2010,3811423
Bosnia and Herzegovina,2011,3741747
Bosnia and Herzegovina,2012,3670056
Bosnia and Herzegovina,2013,3610814
Bosnia and Herzegovina,2014,3564777
Bosnia and Herzegovina,2015,3518485
Bosnia and Herzegovina,2016,3472950
Bosnia and Herzegovina,2017,3428638
Bosnia and Herzegovina,2018,3386940
Bosnia and Herzegovina,2019,3345480
Bosnia and Herzegovina,2020,3299297
Bosnia and Herzegovina,2021,3244869
Bosnia and Herzegovina,2022,3204770
Bosnia and Herzegovina,2023,3185033
Botswana,2000,1677336
Botswana,2001,1712217
Botswana,2002,1744721
Botswana,2003,1775689
Botswana,2004,1807107
Botswana,2005,1839833
Botswana,2006,1874480
Botswana,2007,1911153
Botswana,2008,1949922
Botswana,2009,1990616
Botswana,2010,2033065
Botswana,2011,2073479
Botswana,2012,2108563
Botswana,2013,2140639
Botswana,2014,2172010
Botswana,2015,2203232
Botswana,2016,2234732
Botswana,2017,2266701
Botswana,2018,2299095
Botswana,2019,2332038
Botswana,2020,2365846
Botswana,2021,2401410
Botswana,2022,2439843
Botswana,2023,2480185
Brazil,2000,174018229
Brazil,2001,176301154
Brazil,2002,178503419
Brazil,2003,180622646
Brazil,2004,182675086
Brazil,2005,184688047
Brazil,2006,186653053
Brazil,2007,188552256
Brazil,2008,190367242
Brazil,2009,192079912
Brazil,2010,193701879
Brazil,2011,195284687
Brazil,2012,196876061
Brazil,2013,198478236
Brazil,2014,200085074
Brazil,2015,201675482
Brazil,2016,203218058
Brazil,2017,204703394
Brazil,2018,206107217
Brazil,2019,207455405
Brazil,2020,208660785
Brazil,2021,209550238
Brazil,2022,210306358
Brazil,2023,211140678
Brunei,2000,326390
Brunei,2001,333313
Brunei,2002,340059
Brunei,2003,346597
Brunei,2004,352872
Brunei,2005,358878
Brunei,2006,364613
Brunei,2007,370837
Brunei,2008,377755
Brunei,2009,384917
Brunei,2010,392284
Brunei,2011,399337
Brunei,2012,405519
Brunei,2013,411153
Brunei,2014,416708
Brunei,2015,422176
Brunei,2016,427520
Brunei,2017,432743
Brunei,2018,437775
Brunei,2019,442636
Brunei,2020,447365
Brunei,2021,451676
Brunei,2022,455326
Brunei,2023,458910
Bulgaria,2000,8000476
Bulgaria,2001,7928407
Bulgaria,2002,7861901
Bulgaria,2003,7804359
Bulgaria,2004,7749383
Bulgaria,2005,7695001
Bulgaria,2006,7640243
Bulgaria,2007,7586847
Bulgaria,2008,7535541
Bulgaria,2009,7487966
Bulgaria,2010,7437542
Bulgaria,2011,7379973
Bulgaria,2012,7316974
Bulgaria,2013,7264556
Bulgaria,2014,7223406
Bulgaria,2015,7177463
Bulgaria,2016,7127389
Bulgaria,2017,7075586
Bulgaria,2018,7024687
Bulgaria,2019,6975420
Bulgaria,2020,6933606
Bulgaria,2021,6877173
Bulgaria,2022,6825817
Bulgaria,2023,6795757
Burkina Faso,2000,11925495
Burkina Faso,2001,12294946
Burkina Faso,2002,12680857
Burkina Faso,2003,13082483
Burkina Faso,2004,13500483
Burkina Faso,2005,13932081
Burkina Faso,2006,14373659
Burkina Faso,2007,14816271
Burkina Faso,2008,15258045
Burkina Faso,2009,15710025
Burkina Faso,2010,16176456
Burkina Faso,2011,16661858
Burkina Faso,2012,17172238
Burkina Faso,2013,17695371
Burkina Faso,2014,18229421
Burkina Faso,2015,18777451
Burkina Faso,2016,19334810
Burkina Faso,2017,19894368
Burkina Faso,2018,20438245
Burkina Faso,2019,20961910
Burkina Faso,2020,21478640
Burkina Faso,2021,21995205
Burkina Faso,2022,22508995
Burkina Faso,2023,23025738
Burundi,2000,6470151
Burundi,2001,6634321
Burundi,2002,6824086
Burundi,2003,7043104
Burundi,2004,7310604
Burundi,2005,7587267
Burundi,2006,7865501
Burundi,2007,8161832
Burundi,2008,8505591
Burundi,2009,8947608
Burundi,2010,9376393
Burundi,2011,9717923
Burundi,2012,10070981
Burundi,2013,10439290
Burundi,2014,10799746
Burundi,2015,11047534
Burundi,2016,11239416
Burundi,2017,11506721
Burundi,2018,11859386
Burundi,2019,12255290
Burundi,2020,12616994
Burundi,2021,12965439
Burundi,2022,13321056
Burundi,2023,13689406
Cambodia,2000,12462304
Cambodia,2001,12658434
Cambodia,2002,12855203
Cambodia,2003,13050916
Cambodia,2004,13244689
Cambodia,2005,13439152
Cambodia,2006,13638973
Cambodia,2007,13841733
Cambodia,2008,14053432
Cambodia,2009,14276762
Cambodia,2010,14500683
Cambodia,2011,14722537
Cambodia,2012,14945041
Cambodia,2013,15170170
Cambodia,2014,15396720
Cambodia,2015,15623205
Cambodia,2016,15852754
Cambodia,2017,16073324
Cambodia,2018,16274473
Cambodia,2019,16481244
Cambodia,2020,16725440
Cambodia,2021,16974258
Cambodia,2022,17201662
Cambodia,2023,17423835
Cameroon,2000,14912588
Cameroon,2001,15309439
Cameroon,2002,15725487
Cameroon,2003,16160301
Cameroon,2004,16610427
Cameroon,2005,17074551
Cameroon,2006,17550365
Cameroon,2007,18049854
Cameroon,2008,18574008
Cameroon,2009,19113922
Cameroon,2010,19668016
Cameroon,2011,20232269
Cameroon,2012,20809477
Cameroon,2013,21402330
Cameroon,2014,22059848
Cameroon,2015,22763375
Cameroon,2016,23454117
Cameroon,2017,24128563
Cameroon,2018,24806341
Cameroon,2019,25506047
Cameroon,2020,26210514
Cameroon,2021,26915707
Cameroon,2022,27632723
Cameroon,2023,28372638
Canada,2000,30891756
Canada,2001,31213533
Canada,2002,31535531
Canada,2003,31836434
Canada,2004,32132620
Canada,2005,32440126
Canada,2006,32759122
Canada,2007,33092121
Canada,2008,33449040
Canada,2009,33826322
Canada,2010,34196847
Canada,2011,34555403
Canada,2012,34922466
Canada,2013,35293366
Canada,2014,35634224
Canada,2015,35962183
Canada,2016,36353292
Canada,2017,36808448
Canada,2018,37294942
Canada,2019,37782884
Canada,2020,38171851
Canada,2021,38454011
Canada,2022,38821209
Canada,2023,39299053
Cape Verde,2000,453286
Cape Verde,2001,460258
Cape Verde,2002,467011
Cape Verde,2003,473337
Cape Verde,2004,479332
Cape Verde,2005,485079
Cape Verde,2006,490681
Cape Verde,2007,496149
Cape Verde,2008,501314
Cape Verde,2009,506094
Cape Verde,2010,509751
Cape Verde,2011,511404
Cape Verde,2012,511919
Cape Verde,2013,512183
Cape Verde,2014,512281
Cape Verde,2015,512355
Cape Verde,2016,512509
Cape Verde,2017,512848
Cape Verde,2018,513363
Cape Verde,2019,514068
Cape Verde,2020,514632
Cape Verde,2021,516610
Cape Verde,2022,519694
Cape Verde,2023,522290
Chad,2000,8512037
Chad,2001,8804068
Chad,2002,9116146
Chad,2003,9487772
Chad,2004,9919974
Chad,2005,10328047
Chad,2006,10706385
Chad,2007,11081609
Chad,2008,11476247
Chad,2009,11893711
Chad,2010,12312535
Chad,2011,12754948
Chad,2012,13210954
Chad,2013,13691034
Chad,2014,14188639
Chad,2015,14647574
Chad,2016,15114606
Chad,2017,15622715
Chad,2018,16156480
Chad,2019,16685179
Chad,2020,17224636
Chad,2021,17828225
Chad,2022,18455270
Chad,2023,19319025
Chile,2000,15503580
Chile,2001,15683809
Chile,2002,15857882
Chile,2003,16024700
Chile,2004,16187270
Chile,2005,16348730
Chile,2006,16509144
Chile,2007,16671520
Chile,2008,16838934
Chile,2009,17009684
Chile,2010,17181416
Chile,2011,17351762
Chile,2012,17519067
Chile,2013,17686958
Chile,2014,17864143
Chile,2015,18047575
Chile,2016,18267176
Chile,2017,18558817
Chile,2018,18893141
Chile,2019,19197702
Chile,2020,19370563
Chile,2021,19456275
Chile,2022,19552984
Chile,2023,19658791
China,2000,1269581120
China,2001,1278725010
China,2002,1286866794
China,2003,1294517277
China,2004,1302100264
China,2005,1310027084
China,2006,1318053984
China,2007,1325813524
China,2008,1333820960
China,2009,1342522666
China,2010,1351561462
China,2011,1360250601
China,2012,1369520822
China,2013,1379007984
China,2014,1387951920
China,2015,1396134112
China,2016,1404052581
China,2017,1412354694
China,2018,1419008910
China,2019,1423520298
China,2020,1426106040
China,2021,1426437224
China,2022,1425179509
China,2023,1422584878
Colombia,2000,39089879
Colombia,2001,39709209
Colombia,2002,40324632
Colombia,2003,40937378
Colombia,2004,41543134
Colombia,2005,42128928
Colombia,2006,42691022
Colombia,2007,43235327
Colombia,2008,43758748
Colombia,2009,44271496
Colombia,2010,44777278
Colombia,2011,45259560
Colombia,2012,45715766
Colombia,2013,46151536
Colombia,2014,46565374
Colombia,2015,46969894
Colombia,2016,47437468
Colombia,2017,48131023
Colombia,2018,49024413
Colombia,2019,49907932
Colombia,2020,50629945
Colombia,2021,51188120
Colombia,2022,51737891
Colombia,2023,52321104
Comoros,2000,536036
Comoros,2001,547170
Comoros,2002,558876
Comoros,2003,569757
Comoros,2004,580663
Comoros,2005,592627
Comoros,2006,604706
Comoros,2007,616883
Comoros,2008,629268
Comoros,2009,641899
Comoros,2010,654792
Comoros,2011,668024
Comoros,2012,681594
Comoros,2013,696157
Comoros,2014,711462
Comoros,2015,726628
Comoros,2016,741693
Comoros,2017,756626
Comoros,2018,771548
Comoros,2019,786535
Comoros,2020,802126
Comoros,2021,818133
Comoros,2022,834135
Comoros,2023,850335
Congo,2000,3151304
Congo,2001,3272488
Congo,2002,3350736
Congo,2003,3445696
Congo,2004,3565514
Congo,2005,3696336
Congo,2006,3837364
Congo,2007,3980380
Congo,2008,4113468
Congo,2009,4281163
Congo,2010,4462246
Congo,2011,4609682
Congo,2012,4740414
Congo,2013,4857053
Congo,2014,4975835
Congo,2015,5097532
Congo,2016,5222495
Congo,2017,5350964
Congo,2018,5483090
Congo,2019,5616598
Congo,2020,5752741
Congo,2021,5892137
Congo,2022,6035057
Congo,2023,6182830
Costa Rica,2000,3937679
Costa Rica,2001,4008904
Costa Rica,2002,4075662
Costa Rica,2003,4138747
Costa Rica,2004,4200031
Costa Rica,2005,4261187
Costa Rica,2006,4321299
Costa Rica,2007,4380199
Costa Rica,2008,4440009
Costa Rica,2009,4499743
Costa Rica,2010,4555924
Costa Rica,2011,4609777
Costa Rica,2012,4663890
Costa Rica,2013,4716102
Costa Rica,2014,4767078
Costa Rica,2015,4817996
Costa Rica,2016,4866954
Costa Rica,2017,4913126
Costa Rica,2018,4957764
Costa Rica,2019,4999502
Costa Rica,2020,5034273
Costa Rica,2021,5059939
Costa Rica,2022,5081715
Costa Rica,2023,5105469
Croatia,2000,4326056
Croatia,2001,4301031
Croatia,2002,4305729
Croatia,2003,4306636
Croatia,2004,4310013
Croatia,2005,4313901
Croatia,2006,4315751
Croatia,2007,4315907
Croatia,2008,4314591
Croatia,2009,4310491
Croatia,2010,4301108
Croatia,2011,4280782
Croatia,2012,4259181
Croatia,2013,4242353
Croatia,2014,4219439
Croatia,2015,4183681
Croatia,2016,4136388
Croatia,2017,4079152
Croatia,2018,4024820
Croatia,2019,3986292
Croatia,2020,3953898
Croatia,2021,3924558
Croatia,2022,3906988
Croatia,2023,3895973
Cuba,2000,11109058
Cuba,2001,11144073
Cuba,2002,11177376
Cuba,2003,11209330
Cuba,2004,11238704
Cuba,2005,11262507
Cuba,2006,11278506
Cuba,2007,11287227
Cuba,2008,11291718
Cuba,2009,11294665
Cuba,2010,11297363
Cuba,2011,11301523
Cuba,2012,11303128
Cuba,2013,11298111
Cuba,2014,11285740
Cuba,2015,11275017
Cuba,2016,11265570
Cuba,2017,11247779
Cuba,2018,11227064
Cuba,2019,11202800
Cuba,2020,11176301
Cuba,2021,11122126
Cuba,2022,11059772
Cuba,2023,11019881
Cyprus,2000,947619
Cyprus,2001,964078
Cyprus,2002,981398
Cyprus,2003,999549
Cyprus,2004,1017824
Cyprus,2005,1036110
Cyprus,2006,1054370
Cyprus,2007,1072674
Cyprus,2008,1090985
Cyprus,2009,1109330
Cyprus,2010,1127771
Cyprus,2011,1146448
Cyprus,2012,1165359
Cyprus,2013,1183847
Cyprus,2014,1201763
Cyprus,2015,1219450
Cyprus,2016,1237065
Cyprus,2017,1254213
Cyprus,2018,1270700
Cyprus,2019,1286615
Cyprus,2020,1302202
Cyprus,2021,1317269
Cyprus,2022,1331324
Cyprus,2023,1344937
Czechia,2000,10236753
Czechia,2001,10231897
Czechia,2002,10239426
Czechia,2003,10248852
Czechia,2004,10261411
Czechia,2005,10280103
Czechia,2006,10304542
Czechia,2007,10337488
Czechia,2008,10378248
Czechia,2009,10420931
Czechia,2010,10463981
Czechia,2011,10495455
Czechia,2012,10507287
Czechia,2013,10511117
Czechia,2014,10517176
Czechia,2015,10524367
Czechia,2016,10531895
Czechia,2017,10541301
Czechia,2018,10548878
Czechia,2019,10554819
Czechia,2020,10550083
Czechia,2021,10530619
Czechia,2022,10673169
Czechia,2023,10809674
Denmark,2000,5339614
Denmark,2001,5358777
Denmark,2002,5375919
Denmark,2003,5390562
Denmark,2004,5404551
Denmark,2005,5419506
Denmark,2006,5437380
Denmark,2007,5461554
Denmark,2008,5493714
Denmark,2009,5523119
Denmark,2010,5547824
Denmark,2011,5570801
Denmark,2012,5591867
Denmark,2013,5615285
Denmark,2014,5643742
Denmark,2015,5683641
Denmark,2016,5728150
Denmark,2017,5765108
Denmark,2018,5793761
Denmark,2019,5814566
Denmark,2020,5831483
Denmark,2021,5856724
Denmark,2022,5902846
Denmark,2023,5948078
Djibouti,2000,747274
Djibouti,2001,771269
Djibouti,2002,795535
Djibouti,2003,813490
Djibouti,2004,826097
Djibouti,2005,839126
Djibouti,2006,855714
Djibouti,2007,874488
Djibouti,2008,892698
Djibouti,2009,911478
Djibouti,2010,930209
Djibouti,2011,948524
Djibouti,2012,966707
Djibouti,2013,984788
Djibouti,2014,1002677
Djibouti,2015,1020260
Djibouti,2016,1037617
Djibouti,2017,1054797
Djibouti,2018,1071849
Djibouti,2019,1088656
Djibouti,2020,1105141
Djibouti,2021,1121203
Djibouti,2022,1137052
Djibouti,2023,1152912
Dominica,2000,68480
Dominica,2001,68255
Dominica,2002,68337
Dominica,2003,68502
Dominica,2004,68619
Dominica,2005,68704
Dominica,2006,68778
Dominica,2007,68812
Dominica,2008,68821
Dominica,2009,68841
Dominica,2010,68827
Dominica,2011,69028
Dominica,2012,69098
Dominica,2013,69673
Dominica,2014,70338
Dominica,2015,70388
Dominica,2016,69578
Dominica,2017,68473
Dominica,2018,68140
Dominica,2019,67860
Dominica,2020,67536
Dominica,2021,67176
Dominica,2022,66801
Dominica,2023,66478
Dominican Republic,2000,8584145
Dominican Republic,2001,8720237
Dominican Republic,2002,8852187
Dominican Republic,2003,8980573
Dominican Republic,2004,9104842
Dominican Republic,2005,9224982
Dominican Republic,2006,9341136
Dominican Republic,2007,9455618
Dominican Republic,2008,9573095
Dominican Republic,2009,9695215
Dominican Republic,2010,9820138
Dominican Republic,2011,9945574
Dominican Republic,2012,10070376
Dominican Republic,2013,10193781
Dominican Republic,2014,10315473
Dominican Republic,2015,10434772
Dominican Republic,2016,10551381
Dominican Republic,2017,10666801
Dominican Republic,2018,10781998
Dominican Republic,2019,10893988
Dominican Republic,2020,11008252
Dominican Republic,2021,11123434
Dominican Republic,2022,11230686
Dominican Republic,2023,11331213
Ecuador,2000,12689159
Ecuador,2001,12910685
Ecuador,2002,13138427
Ecuador,2003,13372246
Ecuador,2004,13608650
Ecuador,2005,13846112
Ecuador,2006,14086093
Ecuador,2007,14328733
Ecuador,2008,14575156
Ecuador,2009,14825912
Ecuador,2010,15076646
Ecuador,2011,15326174
Ecuador,2012,15572144
Ecuador,2013,15807087
Ecuador,2014,16035075
Ecuador,2015,16266173
Ecuador,2016,16505094
Ecuador,2017,16759466
Ecuador,2018,17049489
Ecuador,2019,17339967
Ecuador,2020,17546006
Ecuador,2021,17682398
Ecuador,2022,17823857
Ecuador,2023,17980034
Egypt,2000,73083242
Egypt,2001,74651984
Egypt,2002,76239093
Egypt,2003,77853500
Egypt,2004,79477386
Egypt,2005,81100965
Egypt,2006,82700350
Egypt,2007,84276171
Egypt,2008,85864736
Egypt,2009,87501586
Egypt,2010,89196017
Egypt,2011,91093017
Egypt,2012,93160949
Egypt,2013,95333501
Egypt,2014,97528601
Egypt,2015,99597285
Egypt,2016,101644536
Egypt,2017,103696006
Egypt,2018,105682048
Egypt,2019,107553107
Egypt,2020,109315075
Egypt,2021,110956950
Egypt,2022,112618191
Egypt,2023,114535724
El Salvador,2000,5943313
El Salvador,2001,5968013
El Salvador,2002,5986577
El Salvador,2003,5998548
El Salvador,2004,6004632
El Salvador,2005,6005527
El Salvador,2006,6002275
El Salvador,2007,6009768
El Salvador,2008,6029245
El Salvador,2009,6048234
El Salvador,2010,6068202
El Salvador,2011,6090075
El Salvador,2012,6113926
El Salvador,2013,6138797
El Salvador,2014,6162903
El Salvador,2015,6183621
El Salvador,2016,6200765
El Salvador,2017,6213485
El Salvador,2018,6219738
El Salvador,2019,6222267
El Salvador,2020,6234631
El Salvador,2021,6255737
El Salvador,2022,6280269
El Salvador,2023,6309575
Equatorial Guinea,2000,703242
Equatorial Guinea,2001,749791
Equatorial Guinea,2002,797914
Equatorial Guinea,2003,847820
Equatorial Guinea,2004,899879
Equatorial Guinea,2005,947312
Equatorial Guinea,2006,990297
Equatorial Guinea,2007,1035995
Equatorial Guinea,2008,1084492
Equatorial Guinea,2009,1135644
Equatorial Guinea,2010,1189045
Equatorial Guinea,2011,1241795
Equatorial Guinea,2012,1293435
Equatorial Guinea,2013,1346160
Equatorial Guinea,2014,1399777
Equatorial Guinea,2015,1453871
Equatorial Guinea,2016,1508155
Equatorial Guinea,2017,1562357
Equatorial Guinea,2018,1616370
Equatorial Guinea,2019,1670140
Equatorial Guinea,2020,1716435
Equatorial Guinea,2021,1758752
Equatorial Guinea,2022,1803496
Equatorial Guinea,2023,1847501
Eritrea,2000,2246989
Eritrea,2001,2312039
Eritrea,2002,2392931
Eritrea,2003,2493860
Eritrea,2004,2598233
Eritrea,2005,2661163
Eritrea,2006,2703447
Eritrea,2007,2743184
Eritrea,2008,2816284
Eritrea,2009,2887837
Eritrea,2010,2945135
Eritrea,2011,2998450
Eritrea,2012,3036957
Eritrea,2013,3074326
Eritrea,2014,3095119
Eritrea,2015,3105511
Eritrea,2016,3124655
Eritrea,2017,3150289
Eritrea,2018,3192720
Eritrea,2019,3240143
Eritrea,2020,3291224
Eritrea,2021,3350142
Eritrea,2022,3409407
Eritrea,2023,3470344
Estonia,2000,1396955
Estonia,2001,1388122
Estonia,2002,1379391
Estonia,2003,1370799
Estonia,2004,1362623
Estonia,2005,1354799
Estonia,2006,1346833
Estonia,2007,1340672
Estonia,2008,1337032
Estonia,2009,1334487
Estonia,2010,1331406
Estonia,2011,1327315
Estonia,2012,1322570
Estonia,2013,1317872
Estonia,2014,1314402
Estonia,2015,1314538
Estonia,2016,1315802
Estonia,2017,1317381
Estonia,2018,1321918
Estonia,2019,1326772
Estonia,2020,1329618
Estonia,2021,1331699
Estonia,2022,1350038
Estonia,2023,1367143
Ethiopia,2000,67411450
Ethiopia,2001,69487716
Ethiopia,2002,71635475
Ethiopia,2003,73832609
Ethiopia,2004,76077161
Ethiopia,2005,78367414
Ethiopia,2006,80703444
Ethiopia,2007,83103168
Ethiopia,2008,85543618
Ethiopia,2009,88007584
Ethiopia,2010,90538466
Ethiopia,2011,93149926
Ethiopia,2012,95798722
Ethiopia,2013,98438710
Ethiopia,2014,101115562
Ethiopia,2015,103867085
Ethiopia,2016,106718119
Ethiopia,2017,109666428
Ethiopia,2018,112664117
Ethiopia,2019,115737338
Ethiopia,2020,118917625
Ethiopia,2021,122138537
Ethiopia,2022,125384244
Ethiopia,2023,128691654
Fiji,2000,840857
Fiji,2001,849562
Fiji,2002,858015
Fiji,2003,866255
Fiji,2004,874320
Fiji,2005,882337
Fiji,2006,890316
Fiji,2007,897792
Fiji,2008,903348
Fiji,2009,907198
Fiji,2010,910376
Fiji,2011,912942
Fiji,2012,914872
Fiji,2013,916312
Fiji,2014,917544
Fiji,2015,918532
Fiji,2016,919123
Fiji,2017,918714
Fiji,2018,917136
Fiji,2019,914849
Fiji,2020,914920
Fiji,2021,916669
Fiji,2022,919378
Fiji,2023,924114
Finland,2000,5176146
Finland,2001,5187921
Finland,2002,5200499
Finland,2003,5212916
Finland,2004,5228095
Finland,2005,5246037
Finland,2006,5266198
Finland,2007,5288666
Finland,2008,5313334
Finland,2009,5338800
Finland,2010,5363304
Finland,2011,5388186
Finland,2012,5413924
Finland,2013,5439027
Finland,2014,5461629
Finland,2015,5479664
Finland,2016,5495422
Finland,2017,5508354
Finland,2018,5515685
Finland,2019,5521713
Finland,2020,5529559
Finland,2021,5541019
Finland,2022,5569254
Finland,2023,5601133
France,2000,59483672
France,2001,59905084
France,2002,60327203
France,2003,60741072
France,2004,61175198
France,2005,61624978
France,2006,62049790
France,2007,62432388
France,2008,62780134
France,2009,63106403
France,2010,63417312
France,2011,63733716
France,2012,64058423
France,2013,64387684
France,2014,64692449
France,2015,64916292
France,2016,65086802
France,2017,65284727
France,2018,65519483
France,2019,65729405
France,2020,65905226
France,2021,66083491
France,2022,66277365
France,2023,66438774
Gabon,2000,1275530
Gabon,2001,1309550
Gabon,2002,1345082
Gabon,2003,1382304
Gabon,2004,1421570
Gabon,2005,1463455
Gabon,2006,1508281
Gabon,2007,1556199
Gabon,2008,1607136
Gabon,2009,1661523
Gabon,2010,1719828
Gabon,2011,1781929
Gabon,2012,1846852
Gabon,2013,1913008
Gabon,2014,1978345
Gabon,2015,2040935
Gabon,2016,2100258
Gabon,2017,2156852
Gabon,2018,2212268
Gabon,2019,2267660
Gabon,2020,2322485
Gabon,2021,2376684
Gabon,2022,2430702
Gabon,2023,2484739
Gambia,2000,1455049
Gambia,2001,1494977
Gambia,2002,1535655
Gambia,2003,1577575
Gambia,2004,1621254
Gambia,2005,1666989
Gambia,2006,1715238
Gambia,2007,1765731
Gambia,2008,1817806
Gambia,2009,1871382
Gambia,2010,1926580
Gambia,2011,1983737
Gambia,2012,2043044
Gambia,2013,2103775
Gambia,2014,2164486
Gambia,2015,2224483
Gambia,2016,2283737
Gambia,2017,2342157
Gambia,2018,2399584
Gambia,2019,2456795
Gambia,2020,2515694
Gambia,2021,2575965
Gambia,2022,2636423
Gambia,2023,2697797
Germany,2000,81797200
Germany,2001,81933833
Germany,2002,82068282
Germany,2003,82111559
Germany,2004,82092658
Germany,2005,82046684
Germany,2006,81701921
Germany,2007,81298499
Germany,2008,81110734
Germany,2009,80935222
Germany,2010,80830868
Germany,2011,80857831
Germany,2012,80916339
Germany,2013,81041525
Germany,2014,81376036
Germany,2015,82077498
Germany,2016,82760053
Germany,2017,83103956
Germany,2018,83368456
Germany,2019,83559127
Germany,2020,83628661
Germany,2021,83697031
Germany,2022,84086176
Germany,2023,84548184
Ghana,2000,19637041
Ghana,2001,20167023
Ghana,2002,20729337
Ghana,2003,21296653
Ghana,2004,21868251
Ghana,2005,22449390
Ghana,2006,23040661
Ghana,2007,23642240
Ghana,2008,24249900
Ghana,2009,24862618
Ghana,2010,25474957
Ghana,2011,26095042
Ghana,2012,26734220
Ghana,2013,27386146
Ghana,2014,28041528
Ghana,2015,28696019
Ghana,2016,29356688
Ghana,2017,30008310
Ghana,2018,30637543
Ghana,2019,31258887
Ghana,2020,31887755
Ghana,2021,32518607
Ghana,2022,33149102
Ghana,2023,33787870
Greece,2000,10782578
Greece,2001,10843115
Greece,2002,10890234
Greece,2003,10918420
Greece,2004,10947321
Greece,2005,10981291
Greece,2006,11016060
Greece,2007,11045687
Greece,2008,11076814
Greece,2009,11108016
Greece,2010,11124619
Greece,2011,11108791
Greece,2012,11048239
Greece,2013,10967481
Greece,2014,10893122
Greece,2015,10820843
Greece,2016,10775454
Greece,2017,10753489
Greece,2018,10730788
Greece,2019,10718520
Greece,2020,10699317
Greece,2021,10579511
Greece,2022,10412428
Greece,2023,10242850
Grenada,2000,107418
Grenada,2001,107951
Grenada,2002,108362
Grenada,2003,108852
Grenada,2004,109297
Grenada,2005,109688
Grenada,2006,110096
Grenada,2007,110481
Grenada,2008,110857
Grenada,2009,111213
Grenada,2010,111550
Grenada,2011,112048
Grenada,2012,112748
Grenada,2013,113442
Grenada,2014,114103
Grenada,2015,114634
Grenada,2016,115092
Grenada,2017,115402
Grenada,2018,115655
Grenada,2019,115943
Grenada,2020,116304
Grenada,2021,116645
Grenada,2022,116876
Grenada,2023,117047
Guatemala,2000,11697544
Guatemala,2001,11969368
Guatemala,2002,12246875
Guatemala,2003,12525788
Guatemala,2004,12807357
Guatemala,2005,13087587
Guatemala,2006,13367408
Guatemala,2007,13651990
Guatemala,2008,13935128
Guatemala,2009,14215574
Guatemala,2010,14500078
Guatemala,2011,14792071
Guatemala,2012,15089585
Guatemala,2013,15387291
Guatemala,2014,15681675
Guatemala,2015,15971692
Guatemala,2016,16268708
Guatemala,2017,16567316
Guatemala,2018,16845637
Guatemala,2019,17103759
Guatemala,2020,17357274
Guatemala,2021,17598598
Guatemala,2022,17847828
Guatemala,2023,18124791
Guinea,2000,8428787
Guinea,2001,8539910
Guinea,2002,8674026
Guinea,2003,8870738
Guinea,2004,9062674
Guinea,2005,9245791
Guinea,2006,9441133
Guinea,2007,9662233
Guinea,2008,9898822
Guinea,2009,10143493
Guinea,2010,10396041
Guinea,2011,10656766
Guinea,2012,10921531
Guinea,2013,11191827
Guinea,2014,11472868
Guinea,2015,11767021
Guinea,2016,12072983
Guinea,2017,12385616
Guinea,2018,12704736
Guinea,2019,13034294
Guinea,2020,13371136
Guinea,2021,13710470
Guinea,2022,14055075
Guinea,2023,14405424
Guinea-Bissau,2000,1234697
Guinea-Bissau,2001,1261231
Guinea-Bissau,2002,1289260
Guinea-Bissau,2003,1318762
Guinea-Bissau,2004,1349521
Guinea-Bissau,2005,1381545
Guinea-Bissau,2006,1415265
Guinea-Bissau,2007,1450941
Guinea-Bissau,2008,1488010
Guinea-Bissau,2009,1526331
Guinea-Bissau,2010,1566293
Guinea-Bissau,2011,1608028
Guinea-Bissau,2012,1651385
Guinea-Bissau,2013,1695931
Guinea-Bissau,2014,1741074
Guinea-Bissau,2015,1786411
Guinea-Bissau,2016,1831846
Guinea-Bissau,2017,1877018
Guinea-Bissau,2018,1922119
Guinea-Bissau,2019,1967654
Guinea-Bissau,2020,2013212
Guinea-Bissau,2021,2058795
Guinea-Bissau,2022,2105479
Guinea-Bissau,2023,2153292
Guyana,2000,764792
Guyana,2001,764436
Guyana,2002,763605
Guyana,2003,763057
Guyana,2004,762381
Guyana,2005,760874
Guyana,2006,758924
Guyana,2007,756820
Guyana,2008,754563
Guyana,2009,752047
Guyana,2010,749211
Guyana,2011,746113
Guyana,2012,746252
Guyana,2013,749965
Guyana,2014,754171
Guyana,2015,758746
Guyana,2016,763497
Guyana,2017,768435
Guyana,2018,791516
Guyana,2019,807624
Guyana,2020,807442
Guyana,2021,815445
Guyana,2022,821588
Guyana,2023,826310
Haiti,2000,8303101
Haiti,2001,8455867
Haiti,2002,8607601
Haiti,2003,8759861
Haiti,2004,8910216
Haiti,2005,9061223
Haiti,2006,9216519
Haiti,2007,9373256
Haiti,2008,9530731
Haiti,2009,9689548
Haiti,2010,9803247
Haiti,2011,9914850
Haiti,2012,10069716
Haiti,2013,10222322
Haiti,2014,10373194
Haiti,2015,10523200
Haiti,2016,10671417
Haiti,2017,10817711
Haiti,2018,10962333
Haiti,2019,11105119
Haiti,2020,11243804
Haiti,2021,11374546
Haiti,2022,11503553
Haiti,2023,11637352
Honduras,2000,6577728
Honduras,2001,6757934
Honduras,2002,6938825
Honduras,2003,7119158
Honduras,2004,7298947
Honduras,2005,7478314
Honduras,2006,7656787
Honduras,2007,7834750
Honduras,2008,8012546
Honduras,2009,8189858
Honduras,2010,8365834
Honduras,2011,8540543
Honduras,2012,8715038
Honduras,2013,8889226
Honduras,2014,9063078
Honduras,2015,9237261
Honduras,2016,9412329
Honduras,2017,9588098
Honduras,2018,9765162
Honduras,2019,9943585
Honduras,2020,10119590
Honduras,2021,10289829
Honduras,2022,10463826
Honduras,2023,10644802
Hungary,2000,10190548
Hungary,2001,10166641
Hungary,2002,10138414
Hungary,2003,10108909
Hungary,2004,10085736
Hungary,2005,10065654
Hungary,2006,10049900
Hungary,2007,10034027
Hungary,2008,10016610
Hungary,2009,10001329
Hungary,2010,9979076
Hungary,2011,9946626
Hungary,2012,9916568
Hungary,2013,9889294
Hungary,2014,9862785
Hungary,2015,9839162
Hungary,2016,9810479
Hungary,2017,9785561
Hungary,2018,9774342
Hungary,2019,9770300
Hungary,2020,9749421
Hungary,2021,9707794
Hungary,2022,9684259
Hungary,2023,9686418
Iceland,2000,281254
Iceland,2001,285010
Iceland,2002,287561
Iceland,2003,289558
Iceland,2004,292127
Iceland,2005,296803
Iceland,2006,303836
Iceland,2007,311622
Iceland,2008,317470
Iceland,2009,318564
Iceland,2010,318102
Iceland,2011,319098
Iceland,2012,320802
Iceland,2013,323845
Iceland,2014,327471
Iceland,2015,330918
Iceland,2016,335522
Iceland,2017,343480
Iceland,2018,352819
Iceland,2019,360652
Iceland,2020,366571
Iceland,2021,372597
Iceland,2022,380322
Iceland,2023,387522
India,2000,1057922676
India,2001,1077898527
India,2002,1097600334
India,2003,1116802952
India,2004,1135991467
India,2005,1154676277
India,2006,1172878840
India,2007,1190675980
India,2008,1207930907
India,2009,1225524711
India,2010,1243481513
India,2011,1261224903
India,2012,1278674446
India,2013,1295829456
India,2014,1312277131
India,2015,1328024445
India,2016,1343944244
India,2017,1359657354
India,2018,1374659017
India,2019,1389030252
India,2020,1402617645
India,2021,1414203840
India,2022,1425423157
India,2023,1438069540
Indonesia,2000,216077748
Indonesia,2001,219097854
Indonesia,2002,222088455
Indonesia,2003,225047958
Indonesia,2004,227926604
Indonesia,2005,230871600
Indonesia,2006,233951608
Indonesia,2007,237062283
Indonesia,2008,240157845
Indonesia,2009,243219975
Indonesia,2010,246305285
Indonesia,2011,249469983
Indonesia,2012,252698471
Indonesia,2013,255852410
Indonesia,2014,258877350
Indonesia,2015,261799196
Indonesia,2016,264627382
Indonesia,2017,267346608
Indonesia,2018,269951801
Indonesia,2019,272489333
Indonesia,2020,274814825
Indonesia,2021,276758010
Indonesia,2022,278830479
Indonesia,2023,281190021
Iran,2000,66418621
Iran,2001,67451952
Iran,2002,68011265
Iran,2003,68769299
Iran,2004,70256267
Iran,2005,71828417
Iran,2006,73392696
Iran,2007,74602596
Iran,2008,75514155
Iran,2009,76457779
Iran,2010,77420793
Iran,2011,78383547
Iran,2012,79370525
Iran,2013,80414625
Iran,2014,81501999
Iran,2015,82619310
Iran,2016,83812175
Iran,2017,85026715
Iran,2018,86117959
Iran,2019,87051599
Iran,2020,87723397
Iran,2021,88455443
Iran,2022,89524192
Iran,2023,90608663
Iraq,2000,24424011
Iraq,2001,25197800
Iraq,2002,26006512
Iraq,2003,26802610
Iraq,2004,27577831
Iraq,2005,28407405
Iraq,2006,28616456
Iraq,2007,28391556
Iraq,2008,28970998
Iraq,2009,30058157
Iraq,2010,31045312
Iraq,2011,32161373
Iraq,2012,33654796
Iraq,2013,35281935
Iraq,2014,36550007
Iraq,2015,37560485
Iraq,2016,38469579
Iraq,2017,39337310
Iraq,2018,40265573
Iraq,2019,41192120
Iraq,2020,42116556
Iraq,2021,43071162
Iraq,2022,44070510
Iraq,2023,45074010
Ireland,2000,3802536
Ireland,2001,3862927
Ireland,2002,3928386
Ireland,2003,3992878
Ireland,2004,4066012
Ireland,2005,4155232
Ireland,2006,4268715
Ireland,2007,4393467
Ireland,2008,4485943
Ireland,2009,4533698
Ireland,2010,4559044
Ireland,2011,4579557
Ireland,2012,4600088
Ireland,2013,4624629
Ireland,2014,4658186
Ireland,2015,4702444
Ireland,2016,4753463
Ireland,2017,4810214
Ireland,2018,4872503
Ireland,2019,4933445
Ireland,2020,4982560
Ireland,2021,5028387
Ireland,2022,5109966
Ireland,2023,5196586
Israel,2000,6111143
Israel,2001,6259933
Israel,2002,6387661
Israel,2003,6502766
Israel,2004,6615035
Israel,2005,6728156
Israel,2006,6843981
Israel,2007,6962406
Israel,2008,7082571
Israel,2009,7206047
Israel,2010,7336682
Israel,2011,7470971
Israel,2012,7607737
Israel,2013,7749319
Israel,2014,7897132
Israel,2015,8052858
Israel,2016,8209957
Israel,2017,8361744
Israel,2018,8510026
Israel,2019,8657420
Israel,2020,8800323
Israel,2021,8942868
Israel,2022,9103094
Israel,2023,9256261
Italy,2000,57272155
Italy,2001,57305705
Italy,2002,57420578
Italy,2003,57739646
Italy,2004,58176688
Italy,2005,58519638
Italy,2006,58754384
Italy,2007,59108674
Italy,2008,59561638
Italy,2009,59903965
Italy,2010,60164160
Italy,2011,60367832
Italy,2012,60531480
Italy,2013,60653828
Italy,2014,60664127
Italy,2015,60575274
Italy,2016,60478047
Italy,2017,60390266
Italy,2018,60277446
Italy,2019,60130080
Italy,2020,59912714
Italy,2021,59729300
Italy,2022,59619058
Italy,2023,59499408
Jamaica,2000,2607780
Jamaica,2001,2624359
Jamaica,2002,2640532
Jamaica,2003,2656569
Jamaica,2004,2672182
Jamaica,2005,2687020
Jamaica,2006,2700922
Jamaica,2007,2713761
Jamaica,2008,2725585
Jamaica,2009,2736953
Jamaica,2010,2748526
Jamaica,2011,2760444
Jamaica,2012,2772387
Jamaica,2013,2783639
Jamaica,2014,2793708
Jamaica,2015,2802491
Jamaica,2016,2809867
Jamaica,2017,2815724
Jamaica,2018,2820051
Jamaica,2019,2823227
Jamaica,2020,2830686
Jamaica,2021,2837634
Jamaica,2022,2839098
Jamaica,2023,2839729
Japan,2000,127027758
Japan,2001,127260090
Japan,2002,127484547
Japan,2003,127671194
Japan,2004,127815728
Japan,2005,127913277
Japan,2006,127997206
Japan,2007,128087633
Japan,2008,128155949
Japan,2009,128192428
Japan,2010,128185219
Japan,2011,128096387
Japan,2012,127928244
Japan,2013,127723595
Japan,2014,127486555
Japan,2015,127275819
Japan,2016,127159900
Japan,2017,127064637
Japan,2018,126913388
Japan,2019,126699371
Japan,2020,126304487
Japan,2021,125679288
Japan,2022,124997534
Japan,2023,124370893
Jordan,2000,5386890
Jordan,2001,5498858
Jordan,2002,5616024
Jordan,2003,5741786
Jordan,2004,5882015
Jordan,2005,6029554
Jordan,2006,6427322
Jordan,2007,6827191
Jordan,2008,6989821
Jordan,2009,7141705
Jordan,2010,7296994
Jordan,2011,7480382
Jordan,2012,7587082
Jordan,2013,7991751
Jordan,2014,8791661
Jordan,2015,9544673
Jordan,2016,10006321
Jordan,2017,10234177
Jordan,2018,10462255
Jordan,2019,10671837
Jordan,2020,10865183
Jordan,2021,11066310
Jordan,2022,11256215
Jordan,2023,11439171
Kazakhstan,2000,15501060
Kazakhstan,2001,15575502
Kazakhstan,2002,15656630
Kazakhstan,2003,15747335
Kazakhstan,2004,15850121
Kazakhstan,2005,15968071
Kazakhstan,2006,16103670
Kazakhstan,2007,16257169
Kazakhstan,2008,16426480
Kazakhstan,2009,16619799
Kazakhstan,2010,16836755
Kazakhstan,2011,17065944
Kazakhstan,2012,17306063
Kazakhstan,2013,17556454
Kazakhstan,2014,17816240
Kazakhstan,2015,18084126
Kazakhstan,2016,18363551
Kazakhstan,2017,18651876
Kazakhstan,2018,18932674
Kazakhstan,2019,19209498
Kazakhstan,2020,19482065
Kazakhstan,2021,19743565
Kazakhstan,2022,20034569
Kazakhstan,2023,20330063
Kenya,2000,30642843
Kenya,2001,31619130
Kenya,2002,32629759
Kenya,2003,33652182
Kenya,2004,34713403
Kenya,2005,35796433
Kenya,2006,36903955
Kenya,2007,38036301
Kenya,2008,39206299
Kenya,2009,40408838
Kenya,2010,41598524
Kenya,2011,42758431
Kenya,2012,43888260
Kenya,2013,44986744
Kenya,2014,46051395
Kenya,2015,47088485
Kenya,2016,48139632
Kenya,2017,49197713
Kenya,2018,50207065
Kenya,2019,51202787
Kenya,2020,52217277
Kenya,2021,53219122
Kenya,2022,54252404
Kenya,2023,55338953
Kosovo,2000,1802435
Kosovo,2001,1819968
Kosovo,2002,1829415
Kosovo,2003,1826391
Kosovo,2004,1822729
Kosovo,2005,1818304
Kosovo,2006,1813030
Kosovo,2007,1807050
Kosovo,2008,1800813
Kosovo,2009,1794637
Kosovo,2010,1788708
Kosovo,2011,1791911
Kosovo,2012,1806483
Kosovo,2013,1817114
Kosovo,2014,1808931
Kosovo,2015,1778978
Kosovo,2016,1761711
Kosovo,2017,1768084
Kosovo,2018,1767699
Kosovo,2019,1754998
Kosovo,2020,1751372
Kosovo,2021,1741407
Kosovo,2022,1717900
Kosovo,2023,1699985
Kuwait,2000,1954668
Kuwait,2001,2008081
Kuwait,2002,2059936
Kuwait,2003,2109842
Kuwait,2004,2157272
Kuwait,2005,2236749
Kuwait,2006,2364699
Kuwait,2007,2507842
Kuwait,2008,2651390
Kuwait,2009,2795444
Kuwait,2010,2943329
Kuwait,2011,3132776
Kuwait,2012,3336980
Kuwait,2013,3507709
Kuwait,2014,3665719
Kuwait,2015,3834416
Kuwait,2016,4003921
Kuwait,2017,4154633
Kuwait,2018,4323333
Kuwait,2019,4442153
Kuwait,2020,4400103
Kuwait,2021,4360703
Kuwait,2022,4589467
Kuwait,2023,4838724
Kyrgyzstan,2000,5025098
Kyrgyzstan,2001,5071909
Kyrgyzstan,2002,5116204
Kyrgyzstan,2003,5159387
Kyrgyzstan,2004,5202994
Kyrgyzstan,2005,5246288
Kyrgyzstan,2006,5282401
Kyrgyzstan,2007,5313329
Kyrgyzstan,2008,5342481
Kyrgyzstan,2009,5397958
Kyrgyzstan,2010,5491717
Kyrgyzstan,2011,5594489
Kyrgyzstan,2012,5696470
Kyrgyzstan,2013,5797248
Kyrgyzstan,2014,5898279
Kyrgyzstan,2015,6001819
Kyrgyzstan,2016,6108412
Kyrgyzstan,2017,6220098
Kyrgyzstan,2018,6341684
Kyrgyzstan,2019,6493984
Kyrgyzstan,2020,6664099
Kyrgyzstan,2021,6820433
Kyrgyzstan,2022,6955746
Kyrgyzstan,2023,7073476
Laos,2000,5431174
Laos,2001,5521433
Laos,2002,5610839
Laos,2003,5697899
Laos,2004,5781583
Laos,2005,5869478
Laos,2006,5963146
Laos,2007,6056193
Laos,2008,6148930
Laos,2009,6241592
Laos,2010,6334146
Laos,2011,6426537
Laos,2012,6518933
Laos,2013,6611342
Laos,2014,6703118
Laos,2015,6801606
Laos,2016,6908756
Laos,2017,7018100
Laos,2018,7127997
Laos,2019,7237589
Laos,2020,7346484
Laos,2021,7453143
Laos,2022,7558961
Laos,2023,7664955
Latvia,2000,2368275
Latvia,2001,2338248
Latvia,2002,2311303
Latvia,2003,2288934
Latvia,2004,2264130
Latvia,2005,2239738
Latvia,2006,2218989
Latvia,2007,2200711
Latvia,2008,2177658
Latvia,2009,2141988
Latvia,2010,2097787
Latvia,2011,2059892
Latvia,2012,2034577
Latvia,2013,2012960
Latvia,2014,1994096
Latvia,2015,1977815
Latvia,2016,1959817
Latvia,2017,1942550
Latvia,2018,1927526
Latvia,2019,1914220
Latvia,2020,1901069
Latvia,2021,1885546
Latvia,2022,1881016
Latvia,2023,1882336
Lebanon,2000,4329297
Lebanon,2001,4401866
Lebanon,2002,4463453
Lebanon,2003,4525463
Lebanon,2004,4599237
Lebanon,2005,4671056
Lebanon,2006,4751095
Lebanon,2007,4844067
Lebanon,2008,4925314
Lebanon,2009,4992245
Lebanon,2010,5041242
Lebanon,2011,5095962
Lebanon,2012,5235690
Lebanon,2013,5743385
Lebanon,2014,6346950
Lebanon,2015,6472422
Lebanon,2016,6323015
Lebanon,2017,6160085
Lebanon,2018,5984064
Lebanon,2019,5794550
Lebanon,2020,5702353
Lebanon,2021,5718083
Lebanon,2022,5744441
Lebanon,2023,5773446
Lesotho,2000,2003862
Lesotho,2001,2000816
Lesotho,2002,1994629
Lesotho,2003,1985004
Lesotho,2004,1971085
Lesotho,2005,1953032
Lesotho,2006,1945025
Lesotho,2007,1953221
Lesotho,2008,1966490
Lesotho,2009,1980846
Lesotho,2010,1996200
Lesotho,2011,2013964
Lesotho,2012,2034316
Lesotho,2013,2056448
Lesotho,2014,2080036
Lesotho,2015,2104564
Lesotho,2016,2130371
Lesotho,2017,2157068
Lesotho,2018,2183564
Lesotho,2019,2209365
Lesotho,2020,2235679
Lesotho,2021,2261496
Lesotho,2022,2286067
Lesotho,2023,2311429
Liberia,2000,2928076
Liberia,2001,3015303
Liberia,2002,3094739
Liberia,2003,3119476
Liberia,2004,3156848
Liberia,2005,3300982
Liberia,2006,3490739
Liberia,2007,3669008
Liberia,2008,3820959
Liberia,2009,3942987
Liberia,2010,4058844
Liberia,2011,4221132
Liberia,2012,4373007
Liberia,2013,4470187
Liberia,2014,4564257
Liberia,2015,4659399
Liberia,2016,4755560
Liberia,2017,4848875
Liberia,2018,4944685
Liberia,2019,5043670
Liberia,2020,5149439
Liberia,2021,5259278
Liberia,2022,5373250
Liberia,2023,5492981
Libya,2000,5304966
Libya,2001,5403582
Libya,2002,5508364
Libya,2003,5619351
Libya,2004,5736648
Libya,2005,5858740
Libya,2006,5980165
Libya,2007,6104333
Libya,2008,6235390
Libya,2009,6366647
Libya,2010,6497778
Libya,2011,6343162
Libya,2012,6179281
Libya,2013,6304591
Libya,2014,6427214
Libya,2015,6531779
Libya,2016,6632080
Libya,2017,6738721
Libya,2018,6849014
Libya,2019,6950993
Libya,2020,7045359
Libya,2021,7135138
Libya,2022,7223757
Libya,2023,7305611
Lithuania,2000,3500358
Lithuania,2001,3472957
Lithuania,2002,3444001
Lithuania,2003,3415225
Lithuania,2004,3376654
Lithuania,2005,3322225
Lithuania,2006,3269761
Lithuania,2007,3231322
Lithuania,2008,3198432
Lithuania,2009,3163204
Lithuania,2010,3097660
Lithuania,2011,3028588
Lithuania,2012,2988281
Lithuania,2013,2958306
Lithuania,2014,2933118
Lithuania,2015,2905726
Lithuania,2016,2869051
Lithuania,2017,2829273
Lithuania,2018,2802430
Lithuania,2019,2795011
Lithuania,2020,2795711
Lithuania,2021,2794443
Lithuania,2022,2816872
Lithuania,2023,2854061
Luxembourg,2000,436090
Luxembourg,2001,441701
Luxembourg,2002,446348
Luxembourg,2003,451802
Luxembourg,2004,458256
Luxembourg,2005,465327
Luxembourg,2006,472821
Luxembourg,2007,480225
Luxembourg,2008,488947
Luxembourg,2009,498144
Luxembourg,2010,507375
Luxembourg,2011,518535
Luxembourg,2012,530907
Luxembourg,2013,543317
Luxembourg,2014,556243
Luxembourg,2015,569497
Luxembourg,2016,583469
Luxembourg,2017,596451
Luxembourg,2018,608055
Luxembourg,2019,620116
Luxembourg,2020,630545
Luxembourg,2021,640233
Luxembourg,2022,653267
Luxembourg,2023,665058
Madagascar,2000,16516293
Madagascar,2001,17032888
Madagascar,2002,17549869
Madagascar,2003,18071806
Madagascar,2004,18606549
Madagascar,2005,19159663
Madagascar,2006,19730869
Madagascar,2007,20318540
Madagascar,2008,20923790
Madagascar,2009,21547225
Madagascar,2010,22183297
Madagascar,2011,22822256
Madagascar,2012,23462392
Madagascar,2013,24109241
Madagascar,2014,24764298
Madagascar,2015,25426654
Madagascar,2016,26099905
Madagascar,2017,26788326
Madagascar,2018,27494881
Madagascar,2019,28219511
Madagascar,2020,28953509
Madagascar,2021,29691033
Madagascar,2022,30437216
Madagascar,2023,31195885
Malawi,2000,11315896
Malawi,2001,11593011
Malawi,2002,11880377
Malawi,2003,12181526
Malawi,2004,12500688
Malawi,2005,12839988
Malawi,2006,13198644
Malawi,2007,13576290
Malawi,2008,13976359
Malawi,2009,14395732
Malawi,2010,14826420
Malawi,2011,15264976
Malawi,2012,15709541
Malawi,2013,16161772
Malawi,2014,16621485
Malawi,2015,17085543
Malawi,2016,17557696
Malawi,2017,18039666
Malawi,2018,18528036
Malawi,2019,19025698
Malawi,2020,19533837
Malawi,2021,20047218
Malawi,2022,20568683
Malawi,2023,21104426
Malaysia,2000,22967760
Malaysia,2001,23526494
Malaysia,2002,24102434
Malaysia,2003,24679556
Malaysia,2004,25256718
Malaysia,2005,25836027
Malaysia,2006,26417859
Malaysia,2007,26998333
Malaysia,2008,27569998
Malaysia,2009,28124726
Malaysia,2010,28655721
Malaysia,2011,29161977
Malaysia,2012,29662784
Malaysia,2013,30174221
Malaysia,2014,30696080
Malaysia,2015,31232744
Malaysia,2016,31789641
Malaysia,2017,32355608
Malaysia,2018,32910918
Malaysia,2019,33440538
Malaysia,2020,33889515
Malaysia,2021,34282367
Malaysia,2022,34695445
Malaysia,2023,35126249
Maldives,2000,281968
Maldives,2001,286742
Maldives,2002,291588
Maldives,2003,296452
Maldives,2004,301365
Maldives,2005,306384
Maldives,2006,313823
Maldives,2007,324444
Maldives,2008,336129
Maldives,2009,348232
Maldives,2010,360747
Maldives,2011,373638
Maldives,2012,386774
Maldives,2013,400026
Maldives,2014,413574
Maldives,2015,428122
Maldives,2016,443271
Maldives,2017,458252
Maldives,2018,473064
Maldives,2019,487690
Maldives,2020,502076
Maldives,2021,516123
Maldives,2022,524067
Maldives,2023,525955
Mali,2000,11559242
Mali,2001,11912118
Mali,2002,12287999
Mali,2003,12684910
Mali,2004,13102365
Mali,2005,13538607
Mali,2006,13990097
Mali,2007,14457732
Mali,2008,14940738
Mali,2009,15435483
Mali,2010,15945157
Mali,2011,16469007
Mali,2012,16956991
Mali,2013,17459573
Mali,2014,18020221
Mali,2015,18592978
Mali,2016,19191249
Mali,2017,19812964
Mali,2018,20441987
Mali,2019,21068368
Mali,2020,21713790
Mali,2021,22388587
Mali,2022,23072588
Mali,2023,23769081
Malta,2000,399846
Malta,2001,402741
Malta,2002,405522
Malta,2003,408182
Malta,2004,410752
Malta,2005,413274
Malta,2006,415411
Malta,2007,417148
Malta,2008,418922
Malta,2009,420751
Malta,2010,422607
Malta,2011,424582
Malta,2012,426564
Malta,2013,428410
Malta,2014,434451
Malta,2015,444936
Malta,2016,455227
Malta,2017,467849
Malta,2018,484517
Malta,2019,503968
Malta,2020,518175
Malta,2021,524335
Malta,2022,528148
Malta,2023,532921
Mexico,2000,98625515
Mexico,2001,100099057
Mexico,2002,101548570
Mexico,2003,102978472
Mexico,2004,104394075
Mexico,2005,105811451
Mexico,2006,107253625
Mexico,2007,108774308
Mexico,2008,110374235
Mexico,2009,111999662
Mexico,2010,113623858
Mexico,2011,115243459
Mexico,2012,116818153
Mexico,2013,118343517
Mexico,2014,119784217
Mexico,2015,121072270
Mexico,2016,122251299
Mexico,2017,123400004
Mexico,2018,124573671
Mexico,2019,125762928
Mexico,2020,126798998
Mexico,2021,127648107
Mexico,2022,128613066
Mexico,2023,129739713
Moldova,2000,4234915
Moldova,2001,4189717
Moldova,2002,4142883
Moldova,2003,4095375
Moldova,2004,4046617
Moldova,2005,3988618
Moldova,2006,3921257
Moldova,2007,3851346
Moldova,2008,3779455
Moldova,2009,3706166
Moldova,2010,3631943
Moldova,2011,3557233
Moldova,2012,3482575
Moldova,2013,3408686
Moldova,2014,3342665
Moldova,2015,3287114
Moldova,2016,3237747
Moldova,2017,3193456
Moldova,2018,3153724
Moldova,2019,3112515
Moldova,2020,3069084
Moldova,2021,3023731
Moldova,2022,3039946
Moldova,2023,3067017
Monaco,2000,32432
Monaco,2001,32417
Monaco,2002,32389
Monaco,2003,32347
Monaco,2004,32291
Monaco,2005,32187
Monaco,2006,32038
Monaco,2007,31816
Monaco,2008,31807
Monaco,2009,32340
Monaco,2010,33133
Monaco,2011,33923
Monaco,2012,34689
Monaco,2013,35428
Monaco,2014,36107
Monaco,2015,36733
Monaco,2016,37245
Monaco,2017,37654
Monaco,2018,38129
Monaco,2019,38083
Monaco,2020,38027
Monaco,2021,38502
Monaco,2022,38907
Monaco,2023,38929
Mongolia,2000,2455142
Mongolia,2001,2477664
Mongolia,2002,2500029
Mongolia,2003,2521755
Mongolia,2004,2542754
Mongolia,2005,2563418
Mongolia,2006,2584714
Mongolia,2007,2607932
Mongolia,2008,2634381
Mongolia,2009,2665283
Mongolia,2010,2701690
Mongolia,2011,2745129
Mongolia,2012,2795410
Mongolia,2013,2851830
Mongolia,2014,2912984
Mongolia,2015,2976476
Mongolia,2016,3040773
Mongolia,2017,3104314
Mongolia,2018,3167660
Mongolia,2019,3232069
Mongolia,2020,3290733
Mongolia,2021,3339627
Mongolia,2022,3385971
Mongolia,2023,3431887
Morocco,2000,28423380
Morocco,2001,28814598
Morocco,2002,29198087
Morocco,2003,29571375
Morocco,2004,29952970
Morocco,2005,30358088
Morocco,2006,30771131
Morocco,2007,31186417
Morocco,2008,31606714
Morocco,2009,32030735
Morocco,2010,32466965
Morocco,2011,32912540
Morocco,2012,33355201
Morocco,2013,33787523
Morocco,2014,34204741
Morocco,2015,34607538
Morocco,2016,35023413
Morocco,2017,35446348
Morocco,2018,35839708
Morocco,2019,36210859
Morocco,2020,36584160
Morocco,2021,36954394
Morocco,2022,37329012
Morocco,2023,37712463
Mozambique,2000,18129602
Mozambique,2001,18537683
Mozambique,2002,18958295
Mozambique,2003,19392422
Mozambique,2004,19840266
Mozambique,2005,20304530
Mozambique,2006,20787045
Mozambique,2007,21287589
Mozambique,2008,21818980
Mozambique,2009,22391698
Mozambique,2010,22999191
Mozambique,2011,23649004
Mozambique,2012,24337788
Mozambique,2013,25051568
Mozambique,2014,25788424
Mozambique,2015,26547522
Mozambique,2016,27337054
Mozambique,2017,28166349
Mozambique,2018,29018595
Mozambique,2019,29884331
Mozambique,2020,30783641
Mozambique,2021,31707757
Mozambique,2022,32656190
Mozambique,2023,33635119
Myanmar,2000,45290803
Myanmar,2001,45771087
Myanmar,2002,46232609
Myanmar,2003,46667140
Myanmar,2004,47068726
Myanmar,2005,47438305
Myanmar,2006,47785085
Myanmar,2007,48124993
Myanmar,2008,48390740
Myanmar,2009,48660408
Myanmar,2010,49024326
Myanmar,2011,49419777
Myanmar,2012,49837398
Myanmar,2013,50262613
Myanmar,2014,50681584
Myanmar,2015,51089005
Myanmar,2016,51495657
Myanmar,2017,51894886
Myanmar,2018,52272203
Myanmar,2019,52640679
Myanmar,2020,53016472
Myanmar,2021,53387059
Myanmar,2022,53756739
Myanmar,2023,54133741
Namibia,2000,1818599
Namibia,2001,1857002
Namibia,2002,1889931
Namibia,2003,1917419
Namibia,2004,1942050
Namibia,2005,1966542
Namibia,2006,1991841
Namibia,2007,2018559
Namibia,2008,2047007
Namibia,2009,2077343
Namibia,2010,2109760
Namibia,2011,2146277
Namibia,2012,2194604
Namibia,2013,2252462
Namibia,2014,2312089
Namibia,2015,2374258
Namibia,2016,2439160
Namibia,2017,2506814
Namibia,2018,2577275
Namibia,2019,2650454
Namibia,2020,2728716
Namibia,2021,2810509
Namibia,2022,2889626
Namibia,2023,2963048
Nepal,2000,24546462
Nepal,2001,24946700
Nepal,2002,25328943
Nepal,2003,25688717
Nepal,2004,26016606
Nepal,2005,26309414
Nepal,2006,26565390
Nepal,2007,26788452
Nepal,2008,26989988
Nepal,2009,27172983
Nepal,2010,27341910
Nepal,2011,27464446
Nepal,2012,27534868
Nepal,2013,27589950
Nepal,2014,27672334
Nepal,2015,27823579
Nepal,2016,27955421
Nepal,2017,28011204
Nepal,2018,28079631
Nepal,2019,28414023
Nepal,2020,28966540
Nepal,2021,29474963
Nepal,2022,29715383
Nepal,2023,29694568
Netherlands,2000,16058703
Netherlands,2001,16182665
Netherlands,2002,16288002
Netherlands,2003,16366857
Netherlands,2004,16425521
Netherlands,2005,16465658
Netherlands,2006,16493808
Netherlands,2007,16531313
Netherlands,2008,16597210
Netherlands,2009,16684105
Netherlands,2010,16771188
Netherlands,2011,16851014
Netherlands,2012,16915143
Netherlands,2013,16967013
Netherlands,2014,17030041
Netherlands,2015,17107382
Netherlands,2016,17204642
Netherlands,2017,17315333
Netherlands,2018,17421239
Netherlands,2019,17537460
Netherlands,2020,17636680
Netherlands,2021,17730519
Netherlands,2022,17904367
Netherlands,2023,18092473
New Zealand,2000,3857521
New Zealand,2001,3891714
New Zealand,2002,3951062
New Zealand,2003,4022538
New Zealand,2004,4083857
New Zealand,2005,4134949
New Zealand,2006,4181891
New Zealand,2007,4223208
New Zealand,2008,4261775
New Zealand,2009,4304250
New Zealand,2010,4347718
New Zealand,2011,4382648
New Zealand,2012,4411632
New Zealand,2013,4453817
New Zealand,2014,4522923
New Zealand,2015,4613988
New Zealand,2016,4714729
New Zealand,2017,4812704
New Zealand,2018,4900795
New Zealand,2019,4989366
New Zealand,2020,5069848
New Zealand,2021,5107644
New Zealand,2022,5131680
New Zealand,2023,5172791
Nicaragua,2000,5022590
Nicaragua,2001,5087777
Nicaragua,2002,5149867
Nicaragua,2003,5210928
Nicaragua,2004,5272850
Nicaragua,2005,5342053
Nicaragua,2006,5418799
Nicaragua,2007,5497205
Nicaragua,2008,5576555
Nicaragua,2009,5656558
Nicaragua,2010,5737403
Nicaragua,2011,5819015
Nicaragua,2012,5901251
Nicaragua,2013,5983801
Nicaragua,2014,6066438
Nicaragua,2015,6149360
Nicaragua,2016,6232609
Nicaragua,2017,6316185
Nicaragua,2018,6400020
Nicaragua,2019,6483603
Nicaragua,2020,6565214
Nicaragua,2021,6644688
Nicaragua,2022,6730618
Nicaragua,2023,6823569
Nigeria,2000,126382435
Nigeria,2001,129862540
Nigeria,2002,133471947
Nigeria,2003,137202602
Nigeria,2004,141056995
Nigeria,2005,145017214
Nigeria,2006,149077277
Nigeria,2007,153267204
Nigeria,2008,157594969
Nigeria,2009,162049411
Nigeria,2010,166642835
Nigeria,2011,171379551
Nigeria,2012,176200571
Nigeria,2013,181049400
Nigeria,2014,185896872
Nigeria,2015,190671830
Nigeria,2016,195443641
Nigeria,2017,200254534
Nigeria,2018,204938703
Nigeria,2019,209485583
Nigeria,2020,213996143
Nigeria,2021,218529237
Nigeria,2022,223150851
Nigeria,2023,227882899
North Macedonia,2000,2057212
North Macedonia,2001,2066242
North Macedonia,2002,2074432
North Macedonia,2003,2081368
North Macedonia,2004,2086534
North Macedonia,2005,2089764
North Macedonia,2006,2089193
North Macedonia,2007,2081936
North Macedonia,2008,2070788
North Macedonia,2009,2060548
North Macedonia,2010,2051460
North Macedonia,2011,2040398
North Macedonia,2012,2027246
North Macedonia,2013,2013223
North Macedonia,2014,1997784
North Macedonia,2015,1980318
North Macedonia,2016,1961210
North Macedonia,2017,1940825
North Macedonia,2018,1919675
North Macedonia,2019,1897595
North Macedonia,2020,1871976
North Macedonia,2021,1851059
North Macedonia,2022,1840196
North Macedonia,2023,1831749
Norway,2000,4490821
Norway,2001,4513603
Norway,2002,4537974
Norway,2003,4564617
Norway,2004,4591693
Norway,2005,4623060
Norway,2006,4660441
Norway,2007,4708969
Norway,2008,4768039
Norway,2009,4828579
Norway,2010,4889110
Norway,2011,4952915
Norway,2012,5018393
Norway,2013,5080085
Norway,2014,5137351
Norway,2015,5189728
Norway,2016,5235933
Norway,2017,5276759
Norway,2018,5311703
Norway,2019,5347690
Norway,2020,5379229
Norway,2021,5408030
Norway,2022,5456753
Norway,2023,5519123
Oman,2000,2282090
Oman,2001,2310176
Oman,2002,2337092
Oman,2003,2363747
Oman,2004,2404771
Oman,2005,2459758
Oman,2006,2514741
Oman,2007,2570131
Oman,2008,2626489
Oman,2009,2684617
Oman,2010,2757400
Oman,2011,3076708
Oman,2012,3547053
Oman,2013,3833871
Oman,2014,4002390
Oman,2015,4184853
Oman,2016,4390837
Oman,2017,4537351
Oman,2018,4597832
Oman,2019,4591205
Oman,2020,4522447
Oman,2021,4500378
Oman,2022,4730179
Oman,2023,5049214
Pakistan,2000,154879070
Pakistan,2001,159270863
Pakistan,2002,163222500
Pakistan,2003,167110208
Pakistan,2004,171285944
Pakistan,2005,175453160
Pakistan,2006,179682648
Pakistan,2007,184493178
Pakistan,2008,189499072
Pakistan,2009,194376491
Pakistan,2010,199238997
Pakistan,2011,203746014
Pakistan,2012,207667068
Pakistan,2013,211073920
Pakistan,2014,214264607
Pakistan,2015,217290832
Pakistan,2016,220138810
Pakistan,2017,223273927
Pakistan,2018,226928843
Pakistan,2019,230800861
Pakistan,2020,235001693
Pakistan,2021,239477758
Pakistan,2022,243700616
Pakistan,2023,247504458
Palau,2000,19160
Palau,2001,19329
Palau,2002,19485
Palau,2003,19635
Palau,2004,19789
Palau,2005,19797
Palau,2006,19571
Palau,2007,19280
Palau,2008,18983
Palau,2009,18687
Palau,2010,18379
Palau,2011,18061
Palau,2012,17748
Palau,2013,17620
Palau,2014,17700
Palau,2015,17747
Palau,2016,17786
Palau,2017,17797
Palau,2018,17800
Palau,2019,17770
Palau,2020,17786
Palau,2021,17777
Palau,2022,17738
Palau,2023,17707
Panama,2000,3010330
Panama,2001,3069480
Panama,2002,3129297
Panama,2003,3189765
Panama,2004,3251113
Panama,2005,3312982
Panama,2006,3374971
Panama,2007,3437444
Panama,2008,3500596
Panama,2009,3564327
Panama,2010,3628492
Panama,2011,3693468
Panama,2012,3759201
Panama,2013,3825287
Panama,2014,3892053
Panama,2015,3959985
Panama,2016,4029032
Panama,2017,4098656
Panama,2018,4167807
Panama,2019,4234652
Panama,2020,4293208
Panama,2021,4345360
Panama,2022,4400715
Panama,2023,4458719
Papua New Guinea,2000,5537021
Papua New Guinea,2001,5728394
Papua New Guinea,2002,5923965
Papua New Guinea,2003,6123949
Papua New Guinea,2004,6327993
Papua New Guinea,2005,6535860
Papua New Guinea,2006,6747681
Papua New Guinea,2007,6963300
Papua New Guinea,2008,7182942
Papua New Guinea,2009,7406393
Papua New Guinea,2010,7633471
Papua New Guinea,2011,7859292
Papua New Guinea,2012,8081351
Papua New Guinea,2013,8302648
Papua New Guinea,2014,8523397
Papua New Guinea,2015,8743205
Papua New Guinea,2016,8961675
Papua New Guinea,2017,9178669
Papua New Guinea,2018,9394475
Papua New Guinea,2019,9608959
Papua New Guinea,2020,9815691
Papua New Guinea,2021,10012849
Papua New Guinea,2022,10203130
Papua New Guinea,2023,10389589
Paraguay,2000,5100823
Paraguay,2001,5187639
Paraguay,2002,5261286
Paraguay,2003,5326394
Paraguay,2004,5388133
Paraguay,2005,5448045
Paraguay,2006,5505102
Paraguay,2007,5559335
Paraguay,2008,5613526
Paraguay,2009,5671192
Paraguay,2010,5737924
Paraguay,2011,5814583
Paraguay,2012,5896966
Paraguay,2013,5982397
Paraguay,2014,6069774
Paraguay,2015,6159053
Paraguay,2016,6249070
Paraguay,2017,6338607
Paraguay,2018,6427336
Paraguay,2019,6515016
Paraguay,2020,6603683
Paraguay,2021,6684130
Paraguay,2022,6760399
Paraguay,2023,6844101
Peru,2000,26598284
Peru,2001,26964552
Peru,2002,27288162
Peru,2003,27580445
Peru,2004,27852131
Peru,2005,28101118
Peru,2006,28324448
Peru,2007,28530662
Peru,2008,28718988
Peru,2009,28896766
Peru,2010,29085967
Peru,2011,29304035
Peru,2012,29550318
Peru,2013,29817865
Peru,2014,30115771
Peru,2015,30457550
Peru,2016,30866446
Peru,2017,31324599
Peru,2018,31897541
Peru,2019,32449256
Peru,2020,32838533
Peru,2021,33155845
Peru,2022,33475381
Peru,2023,33845565
Philippines,2000,79625353
Philippines,2001,81401443
Philippines,2002,83068839
Philippines,2003,84731786
Philippines,2004,86394464
Philippines,2005,88015905
Philippines,2006,89508940
Philippines,2007,91075139
Philippines,2008,92699045
Philippines,2009,94384204
Philippines,2010,96337064
Philippines,2011,98248571
Philippines,2012,100175459
Philippines,2013,102076299
Philippines,2014,103767082
Philippines,2015,105312935
Philippines,2016,106735664
Philippines,2017,108119646
Philippines,2018,109465234
Philippines,2019,110804629
Philippines,2020,112081229
Philippines,2021,113100906
Philippines,2022,113964291
Philippines,2023,114891152
Poland,2000,38258025
Poland,2001,38247309
Poland,2002,38229357
Poland,2003,38203476
Poland,2004,38167521
Poland,2005,38124333
Poland,2006,38071124
Poland,2007,38020368
Poland,2008,37995854
Poland,2009,38002108
Poland,2010,38095304
Poland,2011,38208597
Poland,2012,38247820
Poland,2013,38259214
Poland,2014,38265064
Poland,2015,38266267
Poland,2016,38263203
Poland,2017,38254908
Poland,2018,38241017
Poland,2019,38225836
Poland,2020,38170958
Poland,2021,38040252
Poland,2022,38385689
Poland,2023,38762796
Portugal,2000,10283150
Portugal,2001,10354271
Portugal,2002,10412991
Portugal,2003,10454189
Portugal,2004,10481336
Portugal,2005,10502943
Portugal,2006,10524070
Portugal,2007,10546768
Portugal,2008,10564037
Portugal,2009,10576213
Portugal,2010,10578605
Portugal,2011,10556994
Portugal,2012,10513092
Portugal,2013,10458238
Portugal,2014,10406148
Portugal,2015,10370222
Portugal,2016,10346328
Portugal,2017,10330784
Portugal,2018,10325307
Portugal,2019,10343168
Portugal,2020,10370463
Portugal,2021,10390906
Portugal,2022,10417030
Portugal,2023,10430680
Qatar,2000,644945
Qatar,2001,677885
Qatar,2002,711170
Qatar,2003,744647
Qatar,2004,773295
Qatar,2005,825378
Qatar,2006,972793
Qatar,2007,1208548
Qatar,2008,1426881
Qatar,2009,1585999
Qatar,2010,1709205
Qatar,2011,1810913
Qatar,2012,1907074
Qatar,2013,2032602
Qatar,2014,2218318
Qatar,2015,2427284
Qatar,2016,2599332
Qatar,2017,2706660
Qatar,2018,2761095
Qatar,2019,2797880
Qatar,2020,2803329
Qatar,2021,2814939
Qatar,2022,2892419
Qatar,2023,2979038
Romania,2000,22046211
Romania,2001,21919873
Romania,2002,21769976
Romania,2003,21593390
Romania,2004,21403163
Romania,2005,21213352
Romania,2006,21035673
Romania,2007,20870655
Romania,2008,20718693
Romania,2009,20576869
Romania,2010,20432524
Romania,2011,20281955
Romania,2012,20158399
Romania,2013,20062861
Romania,2014,19968125
Romania,2015,19870968
Romania,2016,19777001
Romania,2017,19689357
Romania,2018,19597823
Romania,2019,19501499
Romania,2020,19392420
Romania,2021,19248115
Romania,2022,19166726
Romania,2023,19118433
Russia,2000,146717736
Russia,2001,146117233
Russia,2002,145939456
Russia,2003,145794184
Russia,2004,145180052
Russia,2005,144597838
Russia,2006,144102900
Russia,2007,143859724
Russia,2008,143811787
Russia,2009,143869089
Russia,2010,143934422
Russia,2011,144043700
Russia,2012,144290965
Russia,2013,144604052
Russia,2014,144925588
Russia,2015,145307563
Russia,2016,145778617
Russia,2017,146186752
Russia,2018,146430090
Russia,2019,146533005
Russia,2020,146371239
Russia,2021,145836117
Russia,2022,145579843
Russia,2023,145440454
Rwanda,2000,8213890
Rwanda,2001,8287041
Rwanda,2002,8400138
Rwanda,2003,8586828
Rwanda,2004,8816799
Rwanda,2005,9054488
Rwanda,2006,9299203
Rwanda,2007,9549891
Rwanda,2008,9804219
Rwanda,2009,10060389
Rwanda,2010,10317499
Rwanda,2011,10573694
Rwanda,2012,10829851
Rwanda,2013,11093287
Rwanda,2014,11364711
Rwanda,2015,11639989
Rwanda,2016,11919140
Rwanda,2017,12202006
Rwanda,2018,12487952
Rwanda,2019,12776068
Rwanda,2020,13065796
Rwanda,2021,13355214
Rwanda,2022,13650972
Rwanda,2023,13954429
Saint Kitts and Nevis,2000,45222
Saint Kitts and Nevis,2001,45741
Saint Kitts and Nevis,2002,45996
Saint Kitts and Nevis,2003,46144
Saint Kitts and Nevis,2004,46287
Saint Kitts and Nevis,2005,46412
Saint Kitts and Nevis,2006,46544
Saint Kitts and Nevis,2007,46689
Saint Kitts and Nevis,2008,46801
Saint Kitts and Nevis,2009,46893
Saint Kitts and Nevis,2010,46816
Saint Kitts and Nevis,2011,46866
Saint Kitts and Nevis,2012,47014
Saint Kitts and Nevis,2013,47048
Saint Kitts and Nevis,2014,47073
Saint Kitts and Nevis,2015,47057
Saint Kitts and Nevis,2016,47043
Saint Kitts and Nevis,2017,47029
Saint Kitts and Nevis,2018,46989
Saint Kitts and Nevis,2019,46922
Saint Kitts and Nevis,2020,46845
Saint Kitts and Nevis,2021,46738
Saint Kitts and Nevis,2022,46695
Saint Kitts and Nevis,2023,46743
Saint Lucia,2000,158582
Saint Lucia,2001,160187
Saint Lucia,2002,161609
Saint Lucia,2003,162943
Saint Lucia,2004,164207
Saint Lucia,2005,165420
Saint Lucia,2006,166622
Saint Lucia,2007,167720
Saint Lucia,2008,168771
Saint Lucia,2009,169832
Saint Lucia,2010,170869
Saint Lucia,2011,171765
Saint Lucia,2012,172541
Saint Lucia,2013,173340
Saint Lucia,2014,174099
Saint Lucia,2015,174864
Saint Lucia,2016,175606
Saint Lucia,2017,176303
Saint Lucia,2018,176982
Saint Lucia,2019,177639
Saint Lucia,2020,178207
Saint Lucia,2021,178489
Saint Lucia,2022,178747
Saint Lucia,2023,179241
Samoa,2000,181649
Samoa,2001,183137
Samoa,2002,184434
Samoa,2003,185396
Samoa,2004,186219
Samoa,2005,186940
Samoa,2006,187686
Samoa,2007,188722
Samoa,2008,190075
Samoa,2009,191492
Samoa,2010,192987
Samoa,2011,194668
Samoa,2012,196469
Samoa,2013,198245
Samoa,2014,200009
Samoa,2015,201744
Samoa,2016,203459
Samoa,2017,205372
Samoa,2018,207552
Samoa,2019,209753
Samoa,2020,211900
Samoa,2021,213745
Samoa,2022,215224
Samoa,2023,216630
San Marino,2000,26774
San Marino,2001,27133
San Marino,2002,27473
San Marino,2003,27825
San Marino,2004,28178
San Marino,2005,28551
San Marino,2006,28911
San Marino,2007,29289
San Marino,2008,29666
San Marino,2009,30060
San Marino,2010,30593
San Marino,2011,32133
San Marino,2012,33441
San Marino,2013,33595
San Marino,2014,33699
San Marino,2015,33879
San Marino,2016,34143
San Marino,2017,34357
San Marino,2018,34504
San Marino,2019,34627
San Marino,2020,34739
San Marino,2021,34546
San Marino,2022,34066
San Marino,2023,33705
Saudi Arabia,2000,16177682
Saudi Arabia,2001,17041344
Saudi Arabia,2002,17910859
Saudi Arabia,2003,18786715
Saudi Arabia,2004,19669438
Saudi Arabia,2005,20559827
Saudi Arabia,2006,21459088
Saudi Arabia,2007,22368262
Saudi Arabia,2008,23287838
Saudi Arabia,2009,24217606
Saudi Arabia,2010,25157085
Saudi Arabia,2011,26105592
Saudi Arabia,2012,27062388
Saudi Arabia,2013,28026782
Saudi Arabia,2014,28998069
Saudi Arabia,2015,29974899
Saudi Arabia,2016,30717760
Saudi Arabia,2017,30782349
Saudi Arabia,2018,30365068
Saudi Arabia,2019,30472767
Saudi Arabia,2020,30991155
Saudi Arabia,2021,31328320
Saudi Arabia,2022,32175301
Saudi Arabia,2023,33264239
Senegal,2000,9968224
Senegal,2001,10212891
Senegal,2002,10466169
Senegal,2003,10721133
Senegal,2004,10975659
Senegal,2005,11235423
Senegal,2006,11500045
Senegal,2007,11770292
Senegal,2008,12048913
Senegal,2009,12337348
Senegal,2010,12635365
Senegal,2011,12958851
Senegal,2012,13310451
Senegal,2013,13710804
Senegal,2014,14152057
Senegal,2015,14593290
Senegal,2016,15034460
Senegal,2017,15474954
Senegal,2018,15914437
Senegal,2019,16352874
Senegal,2020,16789173
Senegal,2021,17220821
Senegal,2022,17651046
Senegal,2023,18077527
Serbia,2000,7694563
Serbia,2001,7651885
Serbia,2002,7616690
Serbia,2003,7590893
Serbia,2004,7565790
Serbia,2005,7539095
Serbia,2006,7511339
Serbia,2007,7482937
Serbia,2008,7454231
Serbia,2009,7425298
Serbia,2010,7395821
Serbia,2011,7364807
Serbia,2012,7324574
Serbia,2013,7276136
Serbia,2014,7227156
Serbia,2015,7177217
Serbia,2016,7126034
Serbia,2017,7073456
Serbia,2018,7019960
Serbia,2019,6966101
Serbia,2020,6907777
Serbia,2021,6835386
Serbia,2022,6791172
Serbia,2023,6773156
Seychelles,2000,83287
Seychelles,2001,84571
Seychelles,2002,85830
Seychelles,2003,87005
Seychelles,2004,88127
Seychelles,2005,89235
Seychelles,2006,90347
Seychelles,2007,91431
Seychelles,2008,92511
Seychelles,2009,93606
Seychelles,2010,94940
Seychelles,2011,96984
Seychelles,2012,99515
Seychelles,2013,102066
Seychelles,2014,104624
Seychelles,2015,107193
Seychelles,2016,109790
Seychelles,2017,112400
Seychelles,2018,115002
Seychelles,2019,117613
Seychelles,2020,120257
Seychelles,2021,122951
Seychelles,2022,125480
Seychelles,2023,127910
Singapore,2000,4035193
Singapore,2001,4116123
Singapore,2002,4146847
Singapore,2003,4138194
Singapore,2004,4172716
Singapore,2005,4268321
Singapore,2006,4407007
Singapore,2007,4596463
Singapore,2008,4806683
Singapore,2009,4968522
Singapore,2010,5076973
Singapore,2011,5182186
Singapore,2012,5293298
Singapore,2013,5385542
Singapore,2014,5457856
Singapore,2015,5525299
Singapore,2016,5577892
Singapore,2017,5604041
Singapore,2018,5634310
Singapore,2019,5669500
Singapore,2020,5620104
Singapore,2021,5546240
Singapore,2022,5649833
Singapore,2023,5789037
Slovakia,2000,5379951
Slovakia,2001,5379393
Slovakia,2002,5377634
Slovakia,2003,5376146
Slovakia,2004,5375995
Slovakia,2005,5376650
Slovakia,2006,5376793
Slovakia,2007,5376949
Slovakia,2008,5379075
Slovakia,2009,5385027
Slovakia,2010,5391807
Slovakia,2011,5398048
Slovakia,2012,5404834
Slovakia,2013,5410370
Slovakia,2014,5415184
Slovakia,2015,5420221
Slovakia,2016,5427217
Slovakia,2017,5435643
Slovakia,2018,5443188
Slovakia,2019,5450575
Slovakia,2020,5454981
Slovakia,2021,5442712
Slovakia,2022,5473145
Slovakia,2023,5518008
Slovenia,2000,1986774
Slovenia,2001,1989637
Slovenia,2002,1991524
Slovenia,2003,1992449
Slovenia,2004,1993503
Slovenia,2005,1996858
Slovenia,2006,2003069
Slovenia,2007,2014110
Slovenia,2008,2025041
Slovenia,2009,2035555
Slovenia,2010,2044566
Slovenia,2011,2048754
Slovenia,2012,2053274
Slovenia,2013,2056403
Slovenia,2014,2058351
Slovenia,2015,2059899
Slovenia,2016,2061329
Slovenia,2017,2062366
Slovenia,2018,2069431
Slovenia,2019,2083395
Slovenia,2020,2102370
Slovenia,2021,2113450
Slovenia,2022,2115184
Slovenia,2023,2118353
Solomon Islands,2000,440432
Solomon Islands,2001,449084
Solomon Islands,2002,457630
Solomon Islands,2003,466114
Solomon Islands,2004,474559
Solomon Islands,2005,483049
Solomon Islands,2006,491552
Solomon Islands,2007,500111
Solomon Islands,2008,508753
Solomon Islands,2009,518099
Solomon Islands,2010,532932
Solomon Islands,2011,552910
Solomon Islands,2012,573574
Solomon Islands,2013,594906
Solomon Islands,2014,616865
Solomon Islands,2015,639369
Solomon Islands,2016,662342
Solomon Islands,2017,685621
Solomon Islands,2018,709057
Solomon Islands,2019,728105
Solomon Islands,2020,744451
Solomon Islands,2021,762546
Solomon Islands,2022,781026
Solomon Islands,2023,799964
South Africa,2000,47159672
South Africa,2001,47566761
South Africa,2002,48019362
South Africa,2003,48500305
South Africa,2004,48991365
South Africa,2005,49489992
South Africa,2006,49998227
South Africa,2007,50528523
South Africa,2008,51114550
South Africa,2009,51728471
South Africa,2010,52344000
South Africa,2011,52995162
South Africa,2012,53782518
South Africa,2013,54678742
South Africa,2014,55594796
South Africa,2015,56723493
South Africa,2016,57259496
South Africa,2017,57635106
South Africa,2018,58612952
South Africa,2019,59587828
South Africa,2020,60562321
South Africa,2021,61502553
South Africa,2022,62378377
South Africa,2023,63212339
South Korea,2000,46766608
South Korea,2001,47043411
South Korea,2002,47299074
South Korea,2003,47514113
South Korea,2004,47697022
South Korea,2005,47851594
South Korea,2006,48006467
South Korea,2007,48178072
South Korea,2008,48356441
South Korea,2009,48546637
South Korea,2010,48769268
South Korea,2011,49127592
South Korea,2012,49599543
South Korea,2013,50071119
South Korea,2014,50539008
South Korea,2015,50983856
South Korea,2016,51297794
South Korea,2017,51486222
South Korea,2018,51640842
South Korea,2019,51767790
South Korea,2020,51858440
South Korea,2021,51848358
South Korea,2022,51782473
South Korea,2023,51748695
South Sudan,2000,6032224
South Sudan,2001,6308358
South Sudan,2002,6596766
South Sudan,2003,6903072
South Sudan,2004,7232987
South Sudan,2005,7590093
South Sudan,2006,7976474
South Sudan,2007,8388741
South Sudan,2008,8817594
South Sudan,2009,9243507
South Sudan,2010,9745910
South Sudan,2011,10288063
South Sudan,2012,10756194
South Sudan,2013,11166237
South Sudan,2014,11235032
South Sudan,2015,11107511
South Sudan,2016,10830061
South Sudan,2017,10259104
South Sudan,2018,10122925
South Sudan,2019,10423340
South Sudan,2020,10698419
South Sudan,2021,10865735
South Sudan,2022,11021133
South Sudan,2023,11483321
Spain,2000,41019721
Spain,2001,41245551
Spain,2002,41755656
Spain,2003,42506499
Spain,2004,43234511
Spain,2005,43958840
Spain,2006,44695400
Spain,2007,45516452
Spain,2008,46235010
Spain,2009,46635128
Spain,2010,46840419
Spain,2011,46997994
Spain,2012,47018277
Spain,2013,46860345
Spain,2014,46720137
Spain,2015,46683633
Spain,2016,46732712
Spain,2017,46868543
Spain,2018,47092764
Spain,2019,47435072
Spain,2020,47679437
Spain,2021,47735610
Spain,2022,47828339
Spain,2023,47911535
Sri Lanka,2000,19293012
Sri Lanka,2001,19600303
Sri Lanka,2002,19805697
Sri Lanka,2003,19951470
Sri Lanka,2004,20087563
Sri Lanka,2005,20216481
Sri Lanka,2006,20352372
Sri Lanka,2007,20492494
Sri Lanka,2008,20629321
Sri Lanka,2009,20756380
Sri Lanka,2010,20879032
Sri Lanka,2011,21009008
Sri Lanka,2012,21169405
Sri Lanka,2013,21358787
Sri Lanka,2014,21547410
Sri Lanka,2015,21729921
Sri Lanka,2016,21910711
Sri Lanka,2017,22087475
Sri Lanka,2018,22253066
Sri Lanka,2019,22410495
Sri Lanka,2020,22561751
Sri Lanka,2021,22700326
Sri Lanka,2022,22834913
Sri Lanka,2023,22971566
Sudan,2000,27816698
Sudan,2001,28516727
Sudan,2002,29228670
Sudan,2003,29895989
Sudan,2004,30556584
Sudan,2005,31262402
Sudan,2006,31992384
Sudan,2007,32764091
Sudan,2008,33623932
Sudan,2009,34569068
Sudan,2010,35414359
Sudan,2011,36140767
Sudan,2012,36923122
Sudan,2013,37785804
Sudan,2014,38823281
Sudan,2015,40024389
Sudan,2016,41259842
Sudan,2017,42714260
Sudan,2018,44230549
Sudan,2019,45548129
Sudan,2020,46789187
Sudan,2021,48066876
Sudan,2022,49383296
Sudan,2023,50042754
Suriname,2000,476606
Suriname,2001,486520
Suriname,2002,496512
Suriname,2003,506369
Suriname,2004,513886
Suriname,2005,519275
Suriname,2006,524954
Suriname,2007,530974
Suriname,2008,537211
Suriname,2009,543526
Suriname,2010,549879
Suriname,2011,556233
Suriname,2012,562588
Suriname,2013,568971
Suriname,2014,575336
Suriname,2015,581595
Suriname,2016,587714
Suriname,2017,593667
Suriname,2018,599459
Suriname,2019,605727
Suriname,2020,612267
Suriname,2021,617863
Suriname,2022,623128
Suriname,2023,628840
Sweden,2000,8872062
Sweden,2001,8895980
Sweden,2002,8924991
Sweden,2003,8958387
Sweden,2004,8993754
Sweden,2005,9029713
Sweden,2006,9080584
Sweden,2007,9148219
Sweden,2008,9219853
Sweden,2009,9298692
Sweden,2010,9378187
Sweden,2011,9449207
Sweden,2012,9519430
Sweden,2013,9600578
Sweden,2014,9696389
Sweden,2015,9799437
Sweden,2016,9923227
Sweden,2017,10057811
Sweden,2018,10175356
Sweden,2019,10279068
Sweden,2020,10353627
Sweden,2021,10416075
Sweden,2022,10487289
Sweden,2023,10551441
Switzerland,2000,7183943
Switzerland,2001,7226349
Switzerland,2002,7278704
Switzerland,2003,7333404
Switzerland,2004,7384137
Switzerland,2005,7431778
Switzerland,2006,7478464
Switzerland,2007,7545336
Switzerland,2008,7641679
Switzerland,2009,7737594
Switzerland,2010,7825700
Switzerland,2011,7914333
Switzerland,2012,7998872
Switzerland,2013,8091148
Switzerland,2014,8190179
Switzerland,2015,8283893
Switzerland,2016,8374857
Switzerland,2017,8453574
Switzerland,2018,8516296
Switzerland,2019,8577482
Switzerland,2020,8640538
Switzerland,2021,8706973
Switzerland,2022,8792128
Switzerland,2023,8870520
Syria,2000,16637829
Syria,2001,17051298
Syria,2002,17468285
Syria,2003,17889248
Syria,2004,18336839
Syria,2005,18814043
Syria,2006,19636966
Syria,2007,20884096
Syria,2008,21636510
Syria,2009,21976919
Syria,2010,22482377
Syria,2011,22878049
Syria,2012,22759716
Syria,2013,21666877
Syria,2014,20273611
Syria,2015,19424567
Syria,2016,19193793
Syria,2017,19224621
Syria,2018,19577802
Syria,2019,20353478
Syria,2020,21049378
Syria,2021,21628791
Syria,2022,22462118
Syria,2023,23594567
Taiwan,2000,22332827
Taiwan,2001,22446204
Taiwan,2002,22566847
Taiwan,2003,22664087
Taiwan,2004,22745385
Taiwan,2005,22824882
Taiwan,2006,22914594
Taiwan,2007,23006867
Taiwan,2008,23086191
Taiwan,2009,23164307
Taiwan,2010,23223993
Taiwan,2011,23273026
Taiwan,2012,23345913
Taiwan,2013,23416820
Taiwan,2014,23472755
Taiwan,2015,23529210
Taiwan,2016,23586094
Taiwan,2017,23632907
Taiwan,2018,23659256
Taiwan,2019,23674088
Taiwan,2020,23663407
Taiwan,2021,23558281
Taiwan,2022,23420051
Taiwan,2023,23317100
Tajikistan,2000,6284683
Tajikistan,2001,6407328
Tajikistan,2002,6531615
Tajikistan,2003,6658521
Tajikistan,2004,6790502
Tajikistan,2005,6924675
Tajikistan,2006,7057521
Tajikistan,2007,7194419
Tajikistan,2008,7338348
Tajikistan,2009,7490173
Tajikistan,2010,7652096
Tajikistan,2011,7824737
Tajikistan,2012,8014037
Tajikistan,2013,8216686
Tajikistan,2014,8425521
Tajikistan,2015,8643796
Tajikistan,2016,8865574
Tajikistan,2017,9085890
Tajikistan,2018,9307292
Tajikistan,2019,9529924
Tajikistan,2020,9749262
Tajikistan,2021,9966868
Tajikistan,2022,10182185
Tajikistan,2023,10389764
Tanzania,2000,34260098
Tanzania,2001,35198252
Tanzania,2002,36121250
Tanzania,2003,37089505
Tanzania,2004,38109614
Tanzania,2005,39182037
Tanzania,2006,40294845
Tanzania,2007,41435458
Tanzania,2008,42570675
Tanzania,2009,43633923
Tanzania,2010,44758438
Tanzania,2011,46029314
Tanzania,2012,47374207
Tanzania,2013,48824088
Tanzania,2014,50351462
Tanzania,2015,52020910
Tanzania,2016,53823964
Tanzania,2017,55652838
Tanzania,2018,57437090
Tanzania,2019,59174848
Tanzania,2020,60972752
Tanzania,2021,62830365
Tanzania,2022,64711777
Tanzania,2023,66617556
Thailand,2000,63007767
Thailand,2001,63651090
Thailand,2002,64266381
Thailand,2003,64868110
Thailand,2004,65451997
Thailand,2005,66017363
Thailand,2006,66567647
Thailand,2007,67102346
Thailand,2008,67619781
Thailand,2009,68121030
Thailand,2010,68579392
Thailand,2011,69007158
Thailand,2012,69436048
Thailand,2013,69845062
Thailand,2014,70216319
Thailand,2015,70540737
Thailand,2016,70859797
Thailand,2017,71160146
Thailand,2018,71376039
Thailand,2019,71522216
Thailand,2020,71641437
Thailand,2021,71727293
Thailand,2022,71735273
Thailand,2023,71702397
Togo,2000,5139999
Togo,2001,5277338
Togo,2002,5413233
Togo,2003,5552120
Togo,2004,5696467
Togo,2005,5844590
Togo,2006,6010623
Togo,2007,6188301
Togo,2008,6368770
Togo,2009,6551820
Togo,2010,6732545
Togo,2011,6916427
Togo,2012,7100693
Togo,2013,7285399
Togo,2014,7472415
Togo,2015,7663160
Togo,2016,7858247
Togo,2017,8057086
Togo,2018,8258739
Togo,2019,8463021
Togo,2020,8669667
Togo,2021,8878342
Togo,2022,9089693
Togo,2023,9304289
Trinidad and Tobago,2000,1319730
Trinidad and Tobago,2001,1325528
Trinidad and Tobago,2002,1331963
Trinidad and Tobago,2003,1338674
Trinidad and Tobago,2004,1345344
Trinidad and Tobago,2005,1351993
Trinidad and Tobago,2006,1358660
Trinidad and Tobago,2007,1365342
Trinidad and Tobago,2008,1372044
Trinidad and Tobago,2009,1379001
Trinidad and Tobago,2010,1386606
Trinidad and Tobago,2011,1394948
Trinidad and Tobago,2012,1403767
Trinidad and Tobago,2013,1412610
Trinidad and Tobago,2014,1421085
Trinidad and Tobago,2015,1429148
Trinidad and Tobago,2016,1436989
Trinidad and Tobago,2017,1445217
Trinidad and Tobago,2018,1470471
Trinidad and Tobago,2019,1484843
Trinidad and Tobago,2020,1480979
Trinidad and Tobago,2021,1487659
Trinidad and Tobago,2022,1495868
Trinidad and Tobago,2023,1502887
Tunisia,2000,9764887
Tunisia,2001,9869638
Tunisia,2002,9971483
Tunisia,2003,10071594
Tunisia,2004,10166114
Tunisia,2005,10255431
Tunisia,2006,10346362
Tunisia,2007,10441654
Tunisia,2008,10542588
Tunisia,2009,10650632
Tunisia,2010,10765930
Tunisia,2011,10885997
Tunisia,2012,11009606
Tunisia,2013,11141316
Tunisia,2014,11274241
Tunisia,2015,11402217
Tunisia,2016,11528628
Tunisia,2017,11650449
Tunisia,2018,11765461
Tunisia,2019,11875033
Tunisia,2020,11974015
Tunisia,2021,12048573
Tunisia,2022,12119284
Tunisia,2023,12200387
Turkey,2000,65425910
Turkey,2001,66245077
Turkey,2002,67048743
Turkey,2003,67831688
Turkey,2004,68592567
Turkey,2005,69329509
Turkey,2006,70045304
Turkey,2007,70750548
Turkey,2008,71562297
Turkey,2009,72464795
Turkey,2010,73346724
Turkey,2011,74215158
Turkey,2012,75197146
Turkey,2013,76402978
Turkey,2014,78036104
Turkey,2015,80014170
Turkey,2016,81652039
Turkey,2017,83083616
Turkey,2018,84415922
Turkey,2019,85357615
Turkey,2020,86091644
Turkey,2021,86686206
Turkey,2022,87058421
Turkey,2023,87270451
Uganda,2000,24000104
Uganda,2001,24745635
Uganda,2002,25532819
Uganda,2003,26352074
Uganda,2004,27154465
Uganda,2005,27963231
Uganda,2006,28793954
Uganda,2007,29653389
Uganda,2008,30539504
Uganda,2009,31451093
Uganda,2010,32390755
Uganda,2011,33354493
Uganda,2012,34337384
Uganda,2013,35336994
Uganda,2014,36395493
Uganda,2015,37531396
Uganda,2016,38799091
Uganda,2017,40177337
Uganda,2018,41565791
Uganda,2019,42999589
Uganda,2020,44457103
Uganda,2021,45910886
Uganda,2022,47312665
Uganda,2023,48656550
Ukraine,2000,49556602
Ukraine,2001,49106813
Ukraine,2002,48677235
Ukraine,2003,48315085
Ukraine,2004,47979445
Ukraine,2005,47585510
Ukraine,2006,47278638
Ukraine,2007,47062750
Ukraine,2008,46819115
Ukraine,2009,46623687
Ukraine,2010,46455954
Ukraine,2011,46307812
Ukraine,2012,46210001
Ukraine,2013,46126715
Ukraine,2014,45972329
Ukraine,2015,45784854
Ukraine,2016,45616779
Ukraine,2017,45435996
Ukraine,2018,45208854
Ukraine,2019,44957402
Ukraine,2020,44679967
Ukraine,2021,44298591
Ukraine,2022,41048717
Ukraine,2023,37732781
United Arab Emirates,2000,3493539
United Arab Emirates,2001,3723546
United Arab Emirates,2002,3956774
United Arab Emirates,2003,4192414
United Arab Emirates,2004,4428915
United Arab Emirates,2005,4664749
United Arab Emirates,2006,5009050
United Arab Emirates,2007,5624590
United Arab Emirates,2008,6302620
United Arab Emirates,2009,6707016
United Arab Emirates,2010,6938332
United Arab Emirates,2011,7199389
United Arab Emirates,2012,7497073
United Arab Emirates,2013,7831805
United Arab Emirates,2014,8236833
United Arab Emirates,2015,8674586
United Arab Emirates,2016,9030811
United Arab Emirates,2017,9234286
United Arab Emirates,2018,9346819
United Arab Emirates,2019,9377805
United Arab Emirates,2020,9448476
United Arab Emirates,2021,9789001
United Arab Emirates,2022,10242033
United Arab Emirates,2023,10642052
United Kingdom,2000,59057278
United Kingdom,2001,59288055
United Kingdom,2002,59540709
United Kingdom,2003,59820332
United Kingdom,2004,60169911
United Kingdom,2005,60596057
United Kingdom,2006,61051051
United Kingdom,2007,61535810
United Kingdom,2008,62027249
United Kingdom,2009,62506169
United Kingdom,2010,63006430
United Kingdom,2011,63509238
United Kingdom,2012,63960443
United Kingdom,2013,64389337
United Kingdom,2014,64865865
United Kingdom,2015,65382063
United Kingdom,2016,65893305
United Kingdom,2017,66354423
United Kingdom,2018,66752425
United Kingdom,2019,67110910
United Kingdom,2020,67351806
United Kingdom,2021,67668749
United Kingdom,2022,68179267
United Kingdom,2023,68682907
United States,2000,281484082
United States,2001,284279583
United States,2002,287084300
United States,2003,289908046
United States,2004,292786200
United States,2005,295716618
United States,2006,298730164
United States,2007,301844176
United States,2008,304970280
United States,2009,308023398
United States,2010,311062741
United States,2011,314105041
United States,2012,317115301
United States,2013,320110710
United States,2014,323115328
United States,2015,326126448
United States,2016,329179362
United States,2017,332204602
United States,2018,335056439
United States,2019,337790020
United States,2020,339436106
United States,2021,340161392
United States,2022,341533996
United States,2023,343477286
Uruguay,2000,3266165
Uruguay,2001,3274201
Uruguay,2002,3278826
Uruguay,2003,3281135
Uruguay,2004,3283108
Uruguay,2005,3285727
Uruguay,2006,3289456
Uruguay,2007,3295106
Uruguay,2008,3302124
Uruguay,2009,3310038
Uruguay,2010,3318536
Uruguay,2011,3326787
Uruguay,2012,3335354
Uruguay,2013,3345281
Uruguay,2014,3356294
Uruguay,2015,3367974
Uruguay,2016,3379233
Uruguay,2017,3388401
Uruguay,2018,3394494
Uruguay,2019,3397150
Uruguay,2020,3398912
Uruguay,2021,3396643
Uruguay,2022,3390863
Uruguay,2023,3388029
Uzbekistan,2000,24787003
Uzbekistan,2001,25090234
Uzbekistan,2002,25399940
Uzbekistan,2003,25711212
Uzbekistan,2004,26029305
Uzbekistan,2005,26356932
Uzbekistan,2006,26698989
Uzbekistan,2007,27075969
Uzbekistan,2008,27494727
Uzbekistan,2009,27939281
Uzbekistan,2010,28385466
Uzbekistan,2011,28823141
Uzbekistan,2012,29261864
Uzbekistan,2013,29724011
Uzbekistan,2014,30222939
Uzbekistan,2015,30749306
Uzbekistan,2016,31284509
Uzbekistan,2017,31819131
Uzbekistan,2018,32373443
Uzbekistan,2019,32964655
Uzbekistan,2020,33586325
Uzbekistan,2021,34243658
Uzbekistan,2022,34938911
Uzbekistan,2023,35652264
Vanuatu,2000,186239
Vanuatu,2001,190999
Vanuatu,2002,195817
Vanuatu,2003,200713
Vanuatu,2004,205676
Vanuatu,2005,210722
Vanuatu,2006,215894
Vanuatu,2007,221243
Vanuatu,2008,226856
Vanuatu,2009,232691
Vanuatu,2010,238203
Vanuatu,2011,243438
Vanuatu,2012,248850
Vanuatu,2013,254448
Vanuatu,2014,260196
Vanuatu,2015,266060
Vanuatu,2016,272050
Vanuatu,2017,278465
Vanuatu,2018,285223
Vanuatu,2019,291943
Vanuatu,2020,298824
Vanuatu,2021,305836
Vanuatu,2022,313014
Vanuatu,2023,320377
Venezuela,2000,24526662
Venezuela,2001,24979886
Venezuela,2002,25435624
Venezuela,2003,25892668
Venezuela,2004,26340788
Venezuela,2005,26785743
Venezuela,2006,27224637
Venezuela,2007,27649328
Venezuela,2008,28053644
Venezuela,2009,28438244
Venezuela,2010,28813062
Venezuela,2011,29185167
Venezuela,2012,29553788
Venezuela,2013,29912142
Venezuela,2014,30254025
Venezuela,2015,30573919
Venezuela,2016,30765670
Venezuela,2017,30565285
Venezuela,2018,29807542
Venezuela,2019,28938043
Venezuela,2020,28444030
Venezuela,2021,28237786
Venezuela,2022,28212961
Venezuela,2023,28300815
Vietnam,2000,77153969
Vietnam,2001,77969304
Vietnam,2002,78772174
Vietnam,2003,79563721
Vietnam,2004,80338926
Vietnam,2005,81088259
Vietnam,2006,82167850
Vietnam,2007,83633326
Vietnam,2008,85175740
Vietnam,2009,86459976
Vietnam,2010,87455095
Vietnam,2011,88468266
Vietnam,2012,89510294
Vietnam,2013,90573054
Vietnam,2014,91679537
Vietnam,2015,92823207
Vietnam,2016,94000065
Vietnam,2017,95176934
Vietnam,2018,96237273
Vietnam,2019,97173733
Vietnam,2020,98079150
Vietnam,2021,98935054
Vietnam,2022,99680606
Vietnam,2023,100352143
Yemen,2000,19624093
Yemen,2001,20226100
Yemen,2002,20835051
Yemen,2003,21456325
Yemen,2004,22095118
Yemen,2005,22790036
Yemen,2006,23543046
Yemen,2007,24318038
Yemen,2008,25111897
Yemen,2009,25927683
Yemen,2010,26754341
Yemen,2011,27582855
Yemen,2012,28433605
Yemen,2013,29312908
Yemen,2014,30226266
Yemen,2015,31159328
Yemen,2016,32108978
Yemen,2017,33090884
Yemen,2018,34085134
Yemen,2019,35111377
Yemen,2020,36134822
Yemen,2021,37140180
Yemen,2022,38222833
Yemen,2023,39390750
Zambia,2000,10017580
Zambia,2001,10325145
Zambia,2002,10647905
Zambia,2003,10983561
Zambia,2004,11338148
Zambia,2005,11718768
Zambia,2006,12129509
Zambia,2007,12565040
Zambia,2008,13021274
Zambia,2009,13490345
Zambia,2010,13965529
Zambia,2011,14437740
Zambia,2012,14913571
Zambia,2013,15398950
Zambia,2014,15895274
Zambia,2015,16399034
Zambia,2016,16914380
Zambia,2017,17441277
Zambia,2018,17973515
Zambia,2019,18513790
Zambia,2020,19059354
Zambia,2021,19603556
Zambia,2022,20152890
Zambia,2023,20723923
Zimbabwe,2000,11892005
Zimbabwe,2001,11971852
Zimbabwe,2002,12087610
Zimbabwe,2003,12232280
Zimbabwe,2004,12365847
Zimbabwe,2005,12483384
Zimbabwe,2006,12636402
Zimbabwe,2007,12804022
Zimbabwe,2008,12959096
Zimbabwe,2009,13142740
Zimbabwe,2010,13356502
Zimbabwe,2011,13595372
Zimbabwe,2012,13817838
Zimbabwe,2013,14013761
Zimbabwe,2014,14207314
Zimbabwe,2015,14398957
Zimbabwe,2016,14600243
Zimbabwe,2017,14812430
Zimbabwe,2018,15034396
Zimbabwe,2019,15271330
Zimbabwe,2020,15526837
Zimbabwe,2021,15797165
Zimbabwe,2022,16069010
Zimbabwe,2023,16340778
